stage_id,cluster_code,district,real_spot,wizarding_alias,wizarding_zone,canon_ref,recommended_threads,tags,lat,lng,safe_only,story_hook,npc_hint
stage_psq_01,psq,黄浦,人民广场,九又四分之三候车厅,九又四分之三枢纽,King's Cross / Platform 9¾,thread_floo_fracture|thread_ministry_lockdown,clue|hub|order|portal|security|signal|transport,31.230481,121.473531,True,在「人民广场·九又四分之三候车厅」附近，飞路网与门钥匙线路出现异常回声；你需要在下一次跳转前确认正确的通行暗号与时间窗。,站台引导员/邮局分拣员/无线电播音员（节拍强、信息短句）
stage_psq_02,psq,黄浦,上海博物馆,九又四分之三检票口,九又四分之三枢纽,King's Cross / Platform 9¾,thread_floo_fracture|thread_ministry_lockdown,clue|hub|order|portal|security|signal|transport,31.230454,121.475776,True,在「上海博物馆·九又四分之三检票口」附近，飞路网与门钥匙线路出现异常回声；你需要在下一次跳转前确认正确的通行暗号与时间窗。,站台引导员/邮局分拣员/无线电播音员（节拍强、信息短句）
stage_psq_03,psq,黄浦,上海大剧院,霍格沃茨快线广播,九又四分之三枢纽,King's Cross / Platform 9¾,thread_floo_fracture|thread_ministry_lockdown,clue|hub|order|paper|portal|security|signal|transport,31.23049,121.471667,True,在「上海大剧院·霍格沃茨快线广播」附近，飞路网与门钥匙线路出现异常回声；你需要在下一次跳转前确认正确的通行暗号与时间窗。,站台引导员/邮局分拣员/无线电播音员（节拍强、信息短句）
stage_psq_04,psq,黄浦,城市规划展示馆,魔法交通司调度台,九又四分之三枢纽,King's Cross / Platform 9¾,thread_floo_fracture|thread_ministry_lockdown,clue|hub|order|portal|security|signal|transport,31.231986,121.473552,True,在「城市规划展示馆·魔法交通司调度台」附近，飞路网与门钥匙线路出现异常回声；你需要在下一次跳转前确认正确的通行暗号与时间窗。,站台引导员/邮局分拣员/无线电播音员（节拍强、信息短句）
stage_psq_05,psq,黄浦,人民公园,门钥匙登记处,九又四分之三枢纽,King's Cross / Platform 9¾,thread_floo_fracture|thread_ministry_lockdown,clue|hub|order|portal|security|signal|transport,31.228895,121.473658,True,在「人民公园·门钥匙登记处」附近，飞路网与门钥匙线路出现异常回声；你需要在下一次跳转前确认正确的通行暗号与时间窗。,站台引导员/邮局分拣员/无线电播音员（节拍强、信息短句）
stage_psq_06,psq,黄浦,来福士广场,飞路紧急接驳点,九又四分之三枢纽,King's Cross / Platform 9¾,thread_floo_fracture|thread_ministry_lockdown,clue|hub|order|portal|security|signal|transport,31.232148,121.475754,True,在「来福士广场·飞路紧急接驳点」附近，飞路网与门钥匙线路出现异常回声；你需要在下一次跳转前确认正确的通行暗号与时间窗。,站台引导员/邮局分拣员/无线电播音员（节拍强、信息短句）
stage_psq_07,psq,黄浦,福州路口,骑士公交临停站,九又四分之三枢纽,King's Cross / Platform 9¾,thread_floo_fracture|thread_ministry_lockdown,clue|hub|order|portal|security|signal|transport,31.228643,121.475723,True,在「福州路口·骑士公交临停站」附近，飞路网与门钥匙线路出现异常回声；你需要在下一次跳转前确认正确的通行暗号与时间窗。,站台引导员/邮局分拣员/无线电播音员（节拍强、信息短句）
stage_psq_08,psq,黄浦,黄河路口,猫头鹰投递窗口,九又四分之三枢纽,King's Cross / Platform 9¾,thread_floo_fracture|thread_ministry_lockdown,clue|hub|order|portal|signal|transport,31.231859,121.471772,True,在「黄河路口·猫头鹰投递窗口」附近，飞路网与门钥匙线路出现异常回声；你需要在下一次跳转前确认正确的通行暗号与时间窗。,站台引导员/邮局分拣员/无线电播音员（节拍强、信息短句）
stage_psq_09,psq,黄浦,延安东路口,麻瓜驱散咒警示牌,九又四分之三枢纽,King's Cross / Platform 9¾,thread_floo_fracture|thread_ministry_lockdown,clue|hub|order|portal|signal|transport,31.228733,121.471667,True,在「延安东路口·麻瓜驱散咒警示牌」附近，飞路网与门钥匙线路出现异常回声；你需要在下一次跳转前确认正确的通行暗号与时间窗。,站台引导员/邮局分拣员/无线电播音员（节拍强、信息短句）
stage_psq_10,psq,黄浦,南京西路口,隐形斗篷失物处,九又四分之三枢纽,King's Cross / Platform 9¾,thread_floo_fracture|thread_ministry_lockdown,clue|hub|order|portal|signal|transport,31.230418,121.477177,True,在「南京西路口·隐形斗篷失物处」附近，飞路网与门钥匙线路出现异常回声；你需要在下一次跳转前确认正确的通行暗号与时间窗。,站台引导员/邮局分拣员/无线电播音员（节拍强、信息短句）
stage_njd_01,njd,黄浦,南京东路步行街,破釜酒吧正门,对角巷主街,Diagon Alley,thread_floo_fracture|thread_knockturn_smuggling|thread_gringotts_audit,books|clue|lanes|paper|seal|trade,31.235081,121.480105,True,「南京东路步行街·破釜酒吧正门」像是对角巷在沪的投影点：有人用可疑封印换取情报与道具，真伪与代价都写在细节里。,站台引导员/邮局分拣员/无线电播音员（节拍强、信息短句）
stage_njd_02,njd,黄浦,第一百货,奥利凡德魔杖店,对角巷主街,Diagon Alley,thread_floo_fracture|thread_knockturn_smuggling|thread_gringotts_audit,books|clue|lanes|paper|seal|trade,31.235036,121.482097,True,「第一百货·奥利凡德魔杖店」像是对角巷在沪的投影点：有人用可疑封印换取情报与道具，真伪与代价都写在细节里。,站台引导员/邮局分拣员/无线电播音员（节拍强、信息短句）
stage_njd_03,njd,黄浦,世茂广场,丽痕书店,对角巷主街,Diagon Alley,thread_floo_fracture|thread_knockturn_smuggling|thread_gringotts_audit,books|clue|lanes|paper|seal|trade,31.234937,121.47823,True,「世茂广场·丽痕书店」像是对角巷在沪的投影点：有人用可疑封印换取情报与道具，真伪与代价都写在细节里。,站台引导员/邮局分拣员/无线电播音员（节拍强、信息短句）
stage_njd_04,njd,黄浦,置地广场,摩金夫人长袍店,对角巷主街,Diagon Alley,thread_floo_fracture|thread_knockturn_smuggling|thread_gringotts_audit,books|clue|lanes|paper|seal|trade,31.236441,121.479789,True,「置地广场·摩金夫人长袍店」像是对角巷在沪的投影点：有人用可疑封印换取情报与道具，真伪与代价都写在细节里。,站台引导员/邮局分拣员/无线电播音员（节拍强、信息短句）
stage_njd_05,njd,黄浦,南京东路地铁站,韦斯莱把戏坊,对角巷主街,Diagon Alley,thread_floo_fracture|thread_knockturn_smuggling|thread_gringotts_audit,books|clue|lanes|paper|seal|trade,31.233315,121.479831,True,「南京东路地铁站·韦斯莱把戏坊」像是对角巷在沪的投影点：有人用可疑封印换取情报与道具，真伪与代价都写在细节里。,站台引导员/邮局分拣员/无线电播音员（节拍强、信息短句）
stage_njd_06,njd,黄浦,四川中路口,咿啦猫头鹰店,对角巷主街,Diagon Alley,thread_floo_fracture|thread_knockturn_smuggling|thread_gringotts_audit,books|clue|lanes|paper|seal|trade,31.236468,121.482002,True,「四川中路口·咿啦猫头鹰店」像是对角巷在沪的投影点：有人用可疑封印换取情报与道具，真伪与代价都写在细节里。,站台引导员/邮局分拣员/无线电播音员（节拍强、信息短句）
stage_njd_07,njd,黄浦,河南中路口,斯拉格与吉格斯药房,对角巷主街,Diagon Alley,thread_floo_fracture|thread_knockturn_smuggling|thread_gringotts_audit,books|clue|healing|lanes|order|paper|seal|secret|security|trade,31.233486,121.481802,True,「河南中路口·斯拉格与吉格斯药房」像是对角巷在沪的投影点：有人用可疑封印换取情报与道具，真伪与代价都写在细节里。,站台引导员/邮局分拣员/无线电播音员（节拍强、信息短句）
stage_njd_08,njd,黄浦,福州路书店街,神奇动物橱窗,对角巷主街,Diagon Alley,thread_floo_fracture|thread_knockturn_smuggling|thread_gringotts_audit,books|clue|lanes|paper|seal|trade,31.236631,121.478198,True,「福州路书店街·神奇动物橱窗」像是对角巷在沪的投影点：有人用可疑封印换取情报与道具，真伪与代价都写在细节里。,站台引导员/邮局分拣员/无线电播音员（节拍强、信息短句）
stage_njd_09,njd,黄浦,江西中路口,预言家日报摊,对角巷主街,Diagon Alley,thread_floo_fracture|thread_knockturn_smuggling|thread_gringotts_audit,books|clue|lanes|order|paper|seal|signal|trade,31.233306,121.478093,True,「江西中路口·预言家日报摊」像是对角巷在沪的投影点：有人用可疑封印换取情报与道具，真伪与代价都写在细节里。,站台引导员/邮局分拣员/无线电播音员（节拍强、信息短句）
stage_njd_10,njd,黄浦,外滩口（南京东路）,古灵阁咨询台,对角巷主街,Diagon Alley,thread_floo_fracture|thread_knockturn_smuggling|thread_gringotts_audit,audit|bank|books|clue|finance|lanes|paper|seal|security|trade,31.234919,121.483488,True,「外滩口（南京东路）·古灵阁咨询台」像是对角巷在沪的投影点：有人用可疑封印换取情报与道具，真伪与代价都写在细节里。,站台引导员/邮局分拣员/无线电播音员（节拍强、信息短句）
stage_bund,bund,黄浦,外滩观光平台,魔法部东办门厅,魔法部东方办事处,Ministry of Magic,thread_ministry_lockdown|thread_floo_fracture,audit|authority|ministry|order|paper|security|waterfront,31.240117,121.489842,True,魔法部加强封锁后，「外滩观光平台·魔法部东办门厅」成了执法与舆论的交汇处；一条新禁令正在生效，错一步就会被记入档案。,傲罗/执法司文书官/预言家记者（高压、程序化口吻）
stage_bund_02,bund,黄浦,和平饭店,法律执行司值班,魔法部东方办事处,Ministry of Magic,thread_ministry_lockdown|thread_floo_fracture,audit|authority|ministry|order|paper|security|waterfront,31.240135,121.491749,True,魔法部加强封锁后，「和平饭店·法律执行司值班」成了执法与舆论的交汇处；一条新禁令正在生效，错一步就会被记入档案。,傲罗/执法司文书官/预言家记者（高压、程序化口吻）
stage_bund_03,bund,黄浦,外白渡桥,神秘事务司镜厅,魔法部东方办事处,Ministry of Magic,thread_ministry_lockdown|thread_floo_fracture,audit|authority|ministry|order|paper|security|waterfront,31.240108,121.487945,True,魔法部加强封锁后，「外白渡桥·神秘事务司镜厅」成了执法与舆论的交汇处；一条新禁令正在生效，错一步就会被记入档案。,傲罗/执法司文书官/预言家记者（高压、程序化口吻）
stage_bund_04,bund,黄浦,外滩源,威森加摩分庭,魔法部东方办事处,Ministry of Magic,thread_ministry_lockdown|thread_floo_fracture,audit|authority|ministry|order|paper|security|waterfront,31.241613,121.489789,True,魔法部加强封锁后，「外滩源·威森加摩分庭」成了执法与舆论的交汇处；一条新禁令正在生效，错一步就会被记入档案。,傲罗/执法司文书官/预言家记者（高压、程序化口吻）
stage_bund_05,bund,黄浦,海关大楼,魔法事故与灾害司,魔法部东方办事处,Ministry of Magic,thread_ministry_lockdown|thread_floo_fracture,audit|authority|ministry|order|paper|security|waterfront,31.238252,121.490084,True,魔法部加强封锁后，「海关大楼·魔法事故与灾害司」成了执法与舆论的交汇处；一条新禁令正在生效，错一步就会被记入档案。,傲罗/执法司文书官/预言家记者（高压、程序化口吻）
stage_bund_06,bund,黄浦,黄浦江游船码头,记忆注销处,魔法部东方办事处,Ministry of Magic,thread_ministry_lockdown|thread_floo_fracture,audit|authority|ministry|order|paper|security|waterfront,31.241631,121.491939,True,魔法部加强封锁后，「黄浦江游船码头·记忆注销处」成了执法与舆论的交汇处；一条新禁令正在生效，错一步就会被记入档案。,傲罗/执法司文书官/预言家记者（高压、程序化口吻）
stage_bund_07,bund,黄浦,中山东一路,禁言令公告墙,魔法部东方办事处,Ministry of Magic,thread_ministry_lockdown|thread_floo_fracture,audit|authority|ministry|order|paper|security|waterfront,31.238288,121.491823,True,魔法部加强封锁后，「中山东一路·禁言令公告墙」成了执法与舆论的交汇处；一条新禁令正在生效，错一步就会被记入档案。,傲罗/执法司文书官/预言家记者（高压、程序化口吻）
stage_bund_08,bund,黄浦,罗斯福公馆,国际合作司会客,魔法部东方办事处,Ministry of Magic,thread_ministry_lockdown|thread_floo_fracture,audit|authority|ministry|order|paper|security|waterfront,31.241577,121.48824,True,魔法部加强封锁后，「罗斯福公馆·国际合作司会客」成了执法与舆论的交汇处；一条新禁令正在生效，错一步就会被记入档案。,傲罗/执法司文书官/预言家记者（高压、程序化口吻）
stage_bund_09,bund,黄浦,汇丰大楼,预言家部委记者席,魔法部东方办事处,Ministry of Magic,thread_ministry_lockdown|thread_floo_fracture,audit|authority|clue|ministry|order|paper|security|signal|waterfront,31.23855,121.488198,True,魔法部加强封锁后，「汇丰大楼·预言家部委记者席」成了执法与舆论的交汇处；一条新禁令正在生效，错一步就会被记入档案。,傲罗/执法司文书官/预言家记者（高压、程序化口吻）
stage_bund_10,bund,黄浦,观光隧道口（外滩）,守护咒巡逻线,魔法部东方办事处,Ministry of Magic,thread_ministry_lockdown|thread_floo_fracture,audit|authority|ministry|order|paper|security|waterfront,31.239874,121.493372,True,魔法部加强封锁后，「观光隧道口（外滩）·守护咒巡逻线」成了执法与舆论的交汇处；一条新禁令正在生效，错一步就会被记入档案。,傲罗/执法司文书官/预言家记者（高压、程序化口吻）
stage_yuyuan,yuyuan,黄浦,豫园,翻倒巷博金-博克,翻倒巷/暗市,Knockturn Alley,thread_knockturn_smuggling|thread_floo_fracture,black_market|forgery|lanes|occlusion|risk|secret|signal|trade,31.226928,121.491926,False,在「豫园·翻倒巷博金-博克」的阴影里，翻倒巷式的交易与伪造正在扩散；找到那枚有瑕疵的印记，才能追到走私源头。,暗市掮客/伪造师/走私联络员（低语、暗号、避实就虚）
stage_yuyuan_02,yuyuan,黄浦,城隍庙,黑魔法器具铺,翻倒巷/暗市,Knockturn Alley,thread_knockturn_smuggling|thread_floo_fracture,black_market|forgery|lanes|occlusion|risk|secret|signal|trade,31.226973,121.493875,False,在「城隍庙·黑魔法器具铺」的阴影里，翻倒巷式的交易与伪造正在扩散；找到那枚有瑕疵的印记，才能追到走私源头。,暗市掮客/伪造师/走私联络员（低语、暗号、避实就虚）
stage_yuyuan_03,yuyuan,黄浦,豫园商城,诅咒修补匠,翻倒巷/暗市,Knockturn Alley,thread_knockturn_smuggling|thread_floo_fracture,black_market|forgery|lanes|occlusion|risk|secret|signal|trade,31.227054,121.490125,False,在「豫园商城·诅咒修补匠」的阴影里，翻倒巷式的交易与伪造正在扩散；找到那枚有瑕疵的印记，才能追到走私源头。,暗市掮客/伪造师/走私联络员（低语、暗号、避实就虚）
stage_yuyuan_04,yuyuan,黄浦,九曲桥,伪造印章作坊,翻倒巷/暗市,Knockturn Alley,thread_knockturn_smuggling|thread_floo_fracture,black_market|forgery|lanes|occlusion|risk|secret|signal|trade,31.228586,121.49181,False,在「九曲桥·伪造印章作坊」的阴影里，翻倒巷式的交易与伪造正在扩散；找到那枚有瑕疵的印记，才能追到走私源头。,暗市掮客/伪造师/走私联络员（低语、暗号、避实就虚）
stage_yuyuan_05,yuyuan,黄浦,方浜中路,暗市交换所,翻倒巷/暗市,Knockturn Alley,thread_knockturn_smuggling|thread_floo_fracture,black_market|forgery|lanes|occlusion|risk|secret|signal|trade,31.225477,121.491958,False,在「方浜中路·暗市交换所」的阴影里，翻倒巷式的交易与伪造正在扩散；找到那枚有瑕疵的印记，才能追到走私源头。,暗市掮客/伪造师/走私联络员（低语、暗号、避实就虚）
stage_yuyuan_06,yuyuan,黄浦,福佑路口,禁书摊夜读角,翻倒巷/暗市,Knockturn Alley,thread_knockturn_smuggling|thread_floo_fracture,black_market|forgery|lanes|occlusion|risk|secret|signal|trade,31.228631,121.493991,False,在「福佑路口·禁书摊夜读角」的阴影里，翻倒巷式的交易与伪造正在扩散；找到那枚有瑕疵的印记，才能追到走私源头。,暗市掮客/伪造师/走私联络员（低语、暗号、避实就虚）
stage_yuyuan_07,yuyuan,黄浦,豫园地铁站,失落门钥匙仓,翻倒巷/暗市,Knockturn Alley,thread_knockturn_smuggling|thread_floo_fracture,black_market|clue|forgery|hub|lanes|occlusion|order|portal|risk|secret|security|signal|trade|transport,31.225441,121.493707,False,在「豫园地铁站·失落门钥匙仓」的阴影里，翻倒巷式的交易与伪造正在扩散；找到那枚有瑕疵的印记，才能追到走私源头。,暗市掮客/伪造师/走私联络员（低语、暗号、避实就虚）
stage_yuyuan_08,yuyuan,黄浦,小南门口,隐形墨水柜台,翻倒巷/暗市,Knockturn Alley,thread_knockturn_smuggling|thread_floo_fracture,black_market|forgery|lanes|occlusion|risk|secret|signal|trade,31.228748,121.490104,False,在「小南门口·隐形墨水柜台」的阴影里，翻倒巷式的交易与伪造正在扩散；找到那枚有瑕疵的印记，才能追到走私源头。,暗市掮客/伪造师/走私联络员（低语、暗号、避实就虚）
stage_yuyuan_09,yuyuan,黄浦,十六铺码头,走私暗号墙,翻倒巷/暗市,Knockturn Alley,thread_knockturn_smuggling|thread_floo_fracture,black_market|forgery|lanes|occlusion|risk|secret|signal|trade,31.225423,121.49004,False,在「十六铺码头·走私暗号墙」的阴影里，翻倒巷式的交易与伪造正在扩散；找到那枚有瑕疵的印记，才能追到走私源头。,暗市掮客/伪造师/走私联络员（低语、暗号、避实就虚）
stage_yuyuan_10,yuyuan,黄浦,老城厢街口,摄魂怪谣言角,翻倒巷/暗市,Knockturn Alley,thread_knockturn_smuggling|thread_floo_fracture,black_market|forgery|lanes|occlusion|risk|secret|signal|trade,31.226982,121.495255,False,在「老城厢街口·摄魂怪谣言角」的阴影里，翻倒巷式的交易与伪造正在扩散；找到那枚有瑕疵的印记，才能追到走私源头。,暗市掮客/伪造师/走私联络员（低语、暗号、避实就虚）
stage_xintiandi,xintiandi,黄浦,新天地,对角巷南里,对角巷南里/破釜后门,Leaky Cauldron / Diagon Alley,thread_floo_fracture|thread_knockturn_smuggling|thread_hogwarts_field,clue|lanes|order|secret|signal|trade,31.22031,121.47521,True,「新天地·对角巷南里」像是对角巷在沪的投影点：有人用可疑封印换取情报与道具，真伪与代价都写在细节里。,站台引导员/邮局分拣员/无线电播音员（节拍强、信息短句）
stage_xintiandi_02,xintiandi,黄浦,太平桥公园,破釜酒吧后门,对角巷南里/破釜后门,Leaky Cauldron / Diagon Alley,thread_floo_fracture|thread_knockturn_smuggling|thread_hogwarts_field,clue|lanes|order|secret|signal|trade,31.220427,121.477138,True,「太平桥公园·破釜酒吧后门」像是对角巷在沪的投影点：有人用可疑封印换取情报与道具，真伪与代价都写在细节里。,站台引导员/邮局分拣员/无线电播音员（节拍强、信息短句）
stage_xintiandi_03,xintiandi,黄浦,马当路口,凤凰社茶会点,对角巷南里/破釜后门,Leaky Cauldron / Diagon Alley,thread_floo_fracture|thread_knockturn_smuggling|thread_hogwarts_field,clue|creature|lanes|mystery|occlusion|order|risk|ritual|secret|signal|trade,31.220328,121.473293,False,「马当路口·凤凰社茶会点」像是对角巷在沪的投影点：有人用可疑封印换取情报与道具，真伪与代价都写在细节里。,站台引导员/邮局分拣员/无线电播音员（节拍强、信息短句）
stage_xintiandi_04,xintiandi,黄浦,香港广场,变身术沙龙,对角巷南里/破釜后门,Leaky Cauldron / Diagon Alley,thread_floo_fracture|thread_knockturn_smuggling|thread_hogwarts_field,clue|lanes|order|secret|signal|trade,31.222139,121.475295,True,「香港广场·变身术沙龙」像是对角巷在沪的投影点：有人用可疑封印换取情报与道具，真伪与代价都写在细节里。,站台引导员/邮局分拣员/无线电播音员（节拍强、信息短句）
stage_xintiandi_05,xintiandi,黄浦,一大会址旁,记忆酒吧,对角巷南里/破釜后门,Leaky Cauldron / Diagon Alley,thread_floo_fracture|thread_knockturn_smuggling|thread_hogwarts_field,clue|lanes|order|secret|signal|trade,31.218959,121.4754,True,「一大会址旁·记忆酒吧」像是对角巷在沪的投影点：有人用可疑封印换取情报与道具，真伪与代价都写在细节里。,站台引导员/邮局分拣员/无线电播音员（节拍强、信息短句）
stage_xintiandi_06,xintiandi,黄浦,瑞金二路口,隐形斗篷寄存处,对角巷南里/破釜后门,Leaky Cauldron / Diagon Alley,thread_floo_fracture|thread_knockturn_smuggling|thread_hogwarts_field,clue|lanes|order|secret|signal|trade,31.222202,121.477349,True,「瑞金二路口·隐形斗篷寄存处」像是对角巷在沪的投影点：有人用可疑封印换取情报与道具，真伪与代价都写在细节里。,站台引导员/邮局分拣员/无线电播音员（节拍强、信息短句）
stage_xintiandi_07,xintiandi,黄浦,复兴公园口,双面镜联络台,对角巷南里/破釜后门,Leaky Cauldron / Diagon Alley,thread_floo_fracture|thread_knockturn_smuggling|thread_hogwarts_field,clue|lanes|order|secret|signal|trade,31.21876,121.477391,True,「复兴公园口·双面镜联络台」像是对角巷在沪的投影点：有人用可疑封印换取情报与道具，真伪与代价都写在细节里。,站台引导员/邮局分拣员/无线电播音员（节拍强、信息短句）
stage_xintiandi_08,xintiandi,黄浦,南里广场,福灵剂小赌局,对角巷南里/破釜后门,Leaky Cauldron / Diagon Alley,thread_floo_fracture|thread_knockturn_smuggling|thread_hogwarts_field,clue|lanes|order|secret|signal|trade,31.221932,121.473388,True,「南里广场·福灵剂小赌局」像是对角巷在沪的投影点：有人用可疑封印换取情报与道具，真伪与代价都写在细节里。,站台引导员/邮局分拣员/无线电播音员（节拍强、信息短句）
stage_xintiandi_09,xintiandi,黄浦,北里广场,护身符交换桌,对角巷南里/破釜后门,Leaky Cauldron / Diagon Alley,thread_floo_fracture|thread_knockturn_smuggling|thread_hogwarts_field,clue|lanes|order|ritual|seal|secret|signal|trade,31.218895,121.473599,True,「北里广场·护身符交换桌」像是对角巷在沪的投影点：有人用可疑封印换取情报与道具，真伪与代价都写在细节里。,站台引导员/邮局分拣员/无线电播音员（节拍强、信息短句）
stage_xintiandi_10,xintiandi,黄浦,淮海中路口（新天地）,夜巡暗号处,对角巷南里/破釜后门,Leaky Cauldron / Diagon Alley,thread_floo_fracture|thread_knockturn_smuggling|thread_hogwarts_field,clue|lanes|order|secret|signal|trade,31.220535,121.478834,True,「淮海中路口（新天地）·夜巡暗号处」像是对角巷在沪的投影点：有人用可疑封印换取情报与道具，真伪与代价都写在细节里。,站台引导员/邮局分拣员/无线电播音员（节拍强、信息短句）
stage_huaihai_01,huaihai,黄浦/徐汇,淮海中路,预言家日报编辑部,预言家日报/摩金高定,Daily Prophet / Madam Malkin,thread_ministry_lockdown|thread_gringotts_audit|thread_hogwarts_field,audit|clue|order|paper|seal|signal|trade,31.21809,121.465789,True,「淮海中路·预言家日报编辑部」像是对角巷在沪的投影点：有人用可疑封印换取情报与道具，真伪与代价都写在细节里。,站台引导员/邮局分拣员/无线电播音员（节拍强、信息短句）
stage_huaihai_02,huaihai,黄浦/徐汇,K11购物艺术中心,摩金夫人高定室,预言家日报/摩金高定,Daily Prophet / Madam Malkin,thread_ministry_lockdown|thread_gringotts_audit|thread_hogwarts_field,audit|clue|order|paper|seal|trade,31.218117,121.468075,True,「K11购物艺术中心·摩金夫人高定室」像是对角巷在沪的投影点：有人用可疑封印换取情报与道具，真伪与代价都写在细节里。,站台引导员/邮局分拣员/无线电播音员（节拍强、信息短句）
stage_huaihai_03,huaihai,黄浦/徐汇,iapm环贸,魔法界画廊会客,预言家日报/摩金高定,Daily Prophet / Madam Malkin,thread_ministry_lockdown|thread_gringotts_audit|thread_hogwarts_field,audit|clue|order|paper|seal|trade,31.217892,121.464072,True,「iapm环贸·魔法界画廊会客」像是对角巷在沪的投影点：有人用可疑封印换取情报与道具，真伪与代价都写在细节里。,站台引导员/邮局分拣员/无线电播音员（节拍强、信息短句）
stage_huaihai_04,huaihai,黄浦/徐汇,陕西南路口,古灵阁贵宾咨询,预言家日报/摩金高定,Daily Prophet / Madam Malkin,thread_ministry_lockdown|thread_gringotts_audit|thread_hogwarts_field,audit|bank|clue|finance|order|paper|seal|security|trade,31.219721,121.466,True,「陕西南路口·古灵阁贵宾咨询」像是对角巷在沪的投影点：有人用可疑封印换取情报与道具，真伪与代价都写在细节里。,站台引导员/邮局分拣员/无线电播音员（节拍强、信息短句）
stage_huaihai_05,huaihai,黄浦/徐汇,上海图书馆,魔药调香馆,预言家日报/摩金高定,Daily Prophet / Madam Malkin,thread_ministry_lockdown|thread_gringotts_audit|thread_hogwarts_field,audit|clue|order|paper|seal|trade,31.21655,121.465905,True,「上海图书馆·魔药调香馆」像是对角巷在沪的投影点：有人用可疑封印换取情报与道具，真伪与代价都写在细节里。,站台引导员/邮局分拣员/无线电播音员（节拍强、信息短句）
stage_huaihai_06,huaihai,黄浦/徐汇,思南公馆,禁书阅览室,预言家日报/摩金高定,Daily Prophet / Madam Malkin,thread_ministry_lockdown|thread_gringotts_audit|thread_hogwarts_field,audit|black_market|clue|forgery|lanes|occlusion|order|paper|risk|seal|secret|signal|trade,31.219523,121.467696,False,「思南公馆·禁书阅览室」像是对角巷在沪的投影点：有人用可疑封印换取情报与道具，真伪与代价都写在细节里。,站台引导员/邮局分拣员/无线电播音员（节拍强、信息短句）
stage_huaihai_07,huaihai,黄浦/徐汇,瑞金医院,魔法部公关处,预言家日报/摩金高定,Daily Prophet / Madam Malkin,thread_ministry_lockdown|thread_gringotts_audit|thread_hogwarts_field,audit|authority|clue|ministry|order|paper|seal|security|trade,31.216495,121.467844,True,「瑞金医院·魔法部公关处」像是对角巷在沪的投影点：有人用可疑封印换取情报与道具，真伪与代价都写在细节里。,站台引导员/邮局分拣员/无线电播音员（节拍强、信息短句）
stage_huaihai_08,huaihai,黄浦/徐汇,复兴中路口,时间转换器展柜,预言家日报/摩金高定,Daily Prophet / Madam Malkin,thread_ministry_lockdown|thread_gringotts_audit|thread_hogwarts_field,audit|clue|order|paper|seal|trade,31.219757,121.464199,True,「复兴中路口·时间转换器展柜」像是对角巷在沪的投影点：有人用可疑封印换取情报与道具，真伪与代价都写在细节里。,站台引导员/邮局分拣员/无线电播音员（节拍强、信息短句）
stage_huaihai_09,huaihai,黄浦/徐汇,茂名南路口,巫师电台播音间,预言家日报/摩金高定,Daily Prophet / Madam Malkin,thread_ministry_lockdown|thread_gringotts_audit|thread_hogwarts_field,audit|clue|order|paper|seal|signal|trade,31.21627,121.463893,True,「茂名南路口·巫师电台播音间」像是对角巷在沪的投影点：有人用可疑封印换取情报与道具，真伪与代价都写在细节里。,站台引导员/邮局分拣员/无线电播音员（节拍强、信息短句）
stage_huaihai_10,huaihai,黄浦/徐汇,巨鹿路口,麻瓜研究伪装间,预言家日报/摩金高定,Daily Prophet / Madam Malkin,thread_ministry_lockdown|thread_gringotts_audit|thread_hogwarts_field,audit|books|clue|order|paper|school|seal|secret|trade,31.218063,121.469276,True,「巨鹿路口·麻瓜研究伪装间」像是对角巷在沪的投影点：有人用可疑封印换取情报与道具，真伪与代价都写在细节里。,站台引导员/邮局分拣员/无线电播音员（节拍强、信息短句）
stage_tianzifang_01,tianzifang,黄浦,田子坊,猫头鹰邮局分拣间,猫头鹰邮局/符文巷,Owl Post / Rune Craft,thread_hogwarts_field|thread_floo_fracture|thread_knockturn_smuggling,clue|forgery|lanes|paper|secret|signal|trade,31.210135,121.465874,False,在「田子坊·猫头鹰邮局分拣间」的阴影里，翻倒巷式的交易与伪造正在扩散；找到那枚有瑕疵的印记，才能追到走私源头。,暗市掮客/伪造师/走私联络员（低语、暗号、避实就虚）
stage_tianzifang_02,tianzifang,黄浦,泰康路口,咿啦猫头鹰寄养处,猫头鹰邮局/符文巷,Owl Post / Rune Craft,thread_hogwarts_field|thread_floo_fracture|thread_knockturn_smuggling,clue|forgery|lanes|paper|secret|signal|trade,31.210045,121.467928,False,在「泰康路口·咿啦猫头鹰寄养处」的阴影里，翻倒巷式的交易与伪造正在扩散；找到那枚有瑕疵的印记，才能追到走私源头。,暗市掮客/伪造师/走私联络员（低语、暗号、避实就虚）
stage_tianzifang_03,tianzifang,黄浦,打浦桥口,符文刻印摊,猫头鹰邮局/符文巷,Owl Post / Rune Craft,thread_hogwarts_field|thread_floo_fracture|thread_knockturn_smuggling,clue|forgery|lanes|order|paper|ritual|seal|secret|signal|trade,31.20982,121.463988,False,在「打浦桥口·符文刻印摊」的阴影里，翻倒巷式的交易与伪造正在扩散；找到那枚有瑕疵的印记，才能追到走私源头。,暗市掮客/伪造师/走私联络员（低语、暗号、避实就虚）
stage_tianzifang_04,tianzifang,黄浦,日月光中心,门钥匙工坊,猫头鹰邮局/符文巷,Owl Post / Rune Craft,thread_hogwarts_field|thread_floo_fracture|thread_knockturn_smuggling,clue|forgery|hub|lanes|order|paper|portal|secret|security|signal|trade|transport,31.211658,121.465863,False,在「日月光中心·门钥匙工坊」的阴影里，翻倒巷式的交易与伪造正在扩散；找到那枚有瑕疵的印记，才能追到走私源头。,暗市掮客/伪造师/走私联络员（低语、暗号、避实就虚）
stage_tianzifang_05,tianzifang,黄浦,丽园路口,魔杖修理铺,猫头鹰邮局/符文巷,Owl Post / Rune Craft,thread_hogwarts_field|thread_floo_fracture|thread_knockturn_smuggling,clue|forgery|lanes|paper|secret|signal|trade,31.208342,121.465989,False,在「丽园路口·魔杖修理铺」的阴影里，翻倒巷式的交易与伪造正在扩散；找到那枚有瑕疵的印记，才能追到走私源头。,暗市掮客/伪造师/走私联络员（低语、暗号、避实就虚）
stage_tianzifang_06,tianzifang,黄浦,南昌路口,纸鹤咒信摊,猫头鹰邮局/符文巷,Owl Post / Rune Craft,thread_hogwarts_field|thread_floo_fracture|thread_knockturn_smuggling,clue|forgery|lanes|paper|secret|signal|trade,31.211586,121.467759,False,在「南昌路口·纸鹤咒信摊」的阴影里，翻倒巷式的交易与伪造正在扩散；找到那枚有瑕疵的印记，才能追到走私源头。,暗市掮客/伪造师/走私联络员（低语、暗号、避实就虚）
stage_tianzifang_07,tianzifang,黄浦,建国中路口,隐形墨水铺,猫头鹰邮局/符文巷,Owl Post / Rune Craft,thread_hogwarts_field|thread_floo_fracture|thread_knockturn_smuggling,black_market|clue|forgery|lanes|occlusion|paper|risk|secret|signal|trade,31.208532,121.467991,False,在「建国中路口·隐形墨水铺」的阴影里，翻倒巷式的交易与伪造正在扩散；找到那枚有瑕疵的印记，才能追到走私源头。,暗市掮客/伪造师/走私联络员（低语、暗号、避实就虚）
stage_tianzifang_08,tianzifang,黄浦,斜土路口,迷路符路标处,猫头鹰邮局/符文巷,Owl Post / Rune Craft,thread_hogwarts_field|thread_floo_fracture|thread_knockturn_smuggling,clue|forgery|lanes|paper|secret|signal|trade,31.21164,121.464083,False,在「斜土路口·迷路符路标处」的阴影里，翻倒巷式的交易与伪造正在扩散；找到那枚有瑕疵的印记，才能追到走私源头。,暗市掮客/伪造师/走私联络员（低语、暗号、避实就虚）
stage_tianzifang_09,tianzifang,黄浦,绍兴路口,冥想盆展示柜,猫头鹰邮局/符文巷,Owl Post / Rune Craft,thread_hogwarts_field|thread_floo_fracture|thread_knockturn_smuggling,clue|forgery|lanes|paper|secret|signal|trade,31.208297,121.463904,False,在「绍兴路口·冥想盆展示柜」的阴影里，翻倒巷式的交易与伪造正在扩散；找到那枚有瑕疵的印记，才能追到走私源头。,暗市掮客/伪造师/走私联络员（低语、暗号、避实就虚）
stage_tianzifang_10,tianzifang,黄浦,思南路口,活点地图碎片墙,猫头鹰邮局/符文巷,Owl Post / Rune Craft,thread_hogwarts_field|thread_floo_fracture|thread_knockturn_smuggling,clue|forgery|lanes|paper|secret|signal|trade,31.210063,121.46956,False,在「思南路口·活点地图碎片墙」的阴影里，翻倒巷式的交易与伪造正在扩散；找到那枚有瑕疵的印记，才能追到走私源头。,暗市掮客/伪造师/走私联络员（低语、暗号、避实就虚）
stage_jingantmpl,jingan,静安,静安寺,古灵阁静安分部,圣芒戈/古灵阁分部,St Mungo's / Gringotts branch,thread_creature_surge|thread_gringotts_audit|thread_ministry_lockdown,audit|bank|finance|healing|order|paper|seal|secret|security,31.223283,121.445011,True,古灵阁的账簿清点波及到「静安寺·古灵阁静安分部」：一笔被抹去的记录正指向某个上锁金库，封印是否被动过是关键。,古灵阁审计员/哥布林柜员/保安结界师（冷静、算计、注重细节）
stage_jingan_02,jingan,静安,久光百货,圣芒戈东区急诊,圣芒戈/古灵阁分部,St Mungo's / Gringotts branch,thread_creature_surge|thread_gringotts_audit|thread_ministry_lockdown,audit|bank|clue|healing|order|secret|security,31.223337,121.44677,True,古灵阁的账簿清点波及到「久光百货·圣芒戈东区急诊」：一笔被抹去的记录正指向某个上锁金库，封印是否被动过是关键。,古灵阁审计员/哥布林柜员/保安结界师（冷静、算计、注重细节）
stage_jingan_03,jingan,静安,静安公园,咒伤科诊疗台,圣芒戈/古灵阁分部,St Mungo's / Gringotts branch,thread_creature_surge|thread_gringotts_audit|thread_ministry_lockdown,audit|bank|clue|healing|order|secret|security,31.223571,121.443283,True,古灵阁的账簿清点波及到「静安公园·咒伤科诊疗台」：一笔被抹去的记录正指向某个上锁金库，封印是否被动过是关键。,古灵阁审计员/哥布林柜员/保安结界师（冷静、算计、注重细节）
stage_jingan_04,jingan,静安,静安嘉里中心,记忆创伤科,圣芒戈/古灵阁分部,St Mungo's / Gringotts branch,thread_creature_surge|thread_gringotts_audit|thread_ministry_lockdown,audit|bank|healing|order|secret|security,31.225085,121.444853,True,古灵阁的账簿清点波及到「静安嘉里中心·记忆创伤科」：一笔被抹去的记录正指向某个上锁金库，封印是否被动过是关键。,古灵阁审计员/哥布林柜员/保安结界师（冷静、算计、注重细节）
stage_jingan_05,jingan,静安,南京西路（静安寺段）,解咒药房,圣芒戈/古灵阁分部,St Mungo's / Gringotts branch,thread_creature_surge|thread_gringotts_audit|thread_ministry_lockdown,audit|bank|clue|healing|order|secret|security,31.221661,121.444937,True,古灵阁的账簿清点波及到「南京西路（静安寺段）·解咒药房」：一笔被抹去的记录正指向某个上锁金库，封印是否被动过是关键。,古灵阁审计员/哥布林柜员/保安结界师（冷静、算计、注重细节）
stage_jingan_06,jingan,静安,常德路口,失控咒隔离室,圣芒戈/古灵阁分部,St Mungo's / Gringotts branch,thread_creature_surge|thread_gringotts_audit|thread_ministry_lockdown,audit|bank|clue|healing|order|secret|security,31.225193,121.447033,True,古灵阁的账簿清点波及到「常德路口·失控咒隔离室」：一笔被抹去的记录正指向某个上锁金库，封印是否被动过是关键。,古灵阁审计员/哥布林柜员/保安结界师（冷静、算计、注重细节）
stage_jingan_07,jingan,静安,愚园路口,复方汤剂取药处,圣芒戈/古灵阁分部,St Mungo's / Gringotts branch,thread_creature_surge|thread_gringotts_audit|thread_ministry_lockdown,audit|bank|clue|healing|order|secret|security,31.221688,121.447033,True,古灵阁的账簿清点波及到「愚园路口·复方汤剂取药处」：一笔被抹去的记录正指向某个上锁金库，封印是否被动过是关键。,古灵阁审计员/哥布林柜员/保安结界师（冷静、算计、注重细节）
stage_jingan_08,jingan,静安,华山路口,石化急救床,圣芒戈/古灵阁分部,St Mungo's / Gringotts branch,thread_creature_surge|thread_gringotts_audit|thread_ministry_lockdown,audit|bank|clue|healing|order|secret|security,31.22495,121.442914,True,古灵阁的账簿清点波及到「华山路口·石化急救床」：一笔被抹去的记录正指向某个上锁金库，封印是否被动过是关键。,古灵阁审计员/哥布林柜员/保安结界师（冷静、算计、注重细节）
stage_jingan_09,jingan,静安,武定路口,护身符诊疗台,圣芒戈/古灵阁分部,St Mungo's / Gringotts branch,thread_creature_surge|thread_gringotts_audit|thread_ministry_lockdown,audit|bank|clue|healing|order|ritual|seal|secret|security,31.221814,121.443314,True,古灵阁的账簿清点波及到「武定路口·护身符诊疗台」：一笔被抹去的记录正指向某个上锁金库，封印是否被动过是关键。,古灵阁审计员/哥布林柜员/保安结界师（冷静、算计、注重细节）
stage_jingan_10,jingan,静安,静安寺地铁站,禁林咬伤处理点,圣芒戈/古灵阁分部,St Mungo's / Gringotts branch,thread_creature_surge|thread_gringotts_audit|thread_ministry_lockdown,audit|bank|creature|healing|mystery|occlusion|order|risk|ritual|secret|security|signal,31.223355,121.448445,True,古灵阁的账簿清点波及到「静安寺地铁站·禁林咬伤处理点」：一笔被抹去的记录正指向某个上锁金库，封印是否被动过是关键。,古灵阁审计员/哥布林柜员/保安结界师（冷静、算计、注重细节）
stage_njw_01,njw,静安,兴业太古汇,魔法部财务司审计处,财务司/国际合作司,Ministry finance / International cooperation,thread_gringotts_audit|thread_ministry_lockdown,audit|authority|bank|finance|ministry|order|paper|seal|security,31.229162,121.456095,True,魔法部加强封锁后，「兴业太古汇·魔法部财务司审计处」成了执法与舆论的交汇处；一条新禁令正在生效，错一步就会被记入档案。,傲罗/执法司文书官/预言家记者（高压、程序化口吻）
stage_njw_02,njw,静安,恒隆广场,古灵阁账簿室,财务司/国际合作司,Ministry finance / International cooperation,thread_gringotts_audit|thread_ministry_lockdown,audit|authority|bank|finance|order|paper|seal|security,31.229117,121.457707,True,魔法部加强封锁后，「恒隆广场·古灵阁账簿室」成了执法与舆论的交汇处；一条新禁令正在生效，错一步就会被记入档案。,傲罗/执法司文书官/预言家记者（高压、程序化口吻）
stage_njw_03,njw,静安,梅龙镇广场,预言家风向室,财务司/国际合作司,Ministry finance / International cooperation,thread_gringotts_audit|thread_ministry_lockdown,audit|authority|clue|finance|order|paper|seal|security|signal,31.228838,121.454293,True,魔法部加强封锁后，「梅龙镇广场·预言家风向室」成了执法与舆论的交汇处；一条新禁令正在生效，错一步就会被记入档案。,傲罗/执法司文书官/预言家记者（高压、程序化口吻）
stage_njw_04,njw,静安,吴江路口,国际合作司签证台,财务司/国际合作司,Ministry finance / International cooperation,thread_gringotts_audit|thread_ministry_lockdown,audit|authority|finance|ministry|order|paper|seal|security,31.230441,121.456105,True,魔法部加强封锁后，「吴江路口·国际合作司签证台」成了执法与舆论的交汇处；一条新禁令正在生效，错一步就会被记入档案。,傲罗/执法司文书官/预言家记者（高压、程序化口吻）
stage_njw_05,njw,静安,上海展览中心,傲罗装备库,财务司/国际合作司,Ministry finance / International cooperation,thread_gringotts_audit|thread_ministry_lockdown,audit|authority|finance|order|paper|seal|security,31.227541,121.456,True,魔法部加强封锁后，「上海展览中心·傲罗装备库」成了执法与舆论的交汇处；一条新禁令正在生效，错一步就会被记入档案。,傲罗/执法司文书官/预言家记者（高压、程序化口吻）
stage_njw_06,njw,静安,上海商城,防伪封印处,财务司/国际合作司,Ministry finance / International cooperation,thread_gringotts_audit|thread_ministry_lockdown,audit|authority|finance|order|paper|seal|security,31.230514,121.457707,True,魔法部加强封锁后，「上海商城·防伪封印处」成了执法与舆论的交汇处；一条新禁令正在生效，错一步就会被记入档案。,傲罗/执法司文书官/预言家记者（高压、程序化口吻）
stage_njw_07,njw,静安,静安雕塑公园,魔法合同盖章处,财务司/国际合作司,Ministry finance / International cooperation,thread_gringotts_audit|thread_ministry_lockdown,audit|authority|finance|order|paper|seal|security,31.227486,121.457686,True,魔法部加强封锁后，「静安雕塑公园·魔法合同盖章处」成了执法与舆论的交汇处；一条新禁令正在生效，错一步就会被记入档案。,傲罗/执法司文书官/预言家记者（高压、程序化口吻）
stage_njw_08,njw,静安,南京西路地铁站,保密法宣誓台,财务司/国际合作司,Ministry finance / International cooperation,thread_gringotts_audit|thread_ministry_lockdown,audit|authority|finance|ministry|order|paper|seal|security,31.230802,121.453946,True,魔法部加强封锁后，「南京西路地铁站·保密法宣誓台」成了执法与舆论的交汇处；一条新禁令正在生效，错一步就会被记入档案。,傲罗/执法司文书官/预言家记者（高压、程序化口吻）
stage_njw_09,njw,静安,石门一路口,麻瓜媒体干预组,财务司/国际合作司,Ministry finance / International cooperation,thread_gringotts_audit|thread_ministry_lockdown,audit|authority|finance|order|paper|seal|security,31.227405,121.45403,True,魔法部加强封锁后，「石门一路口·麻瓜媒体干预组」成了执法与舆论的交汇处；一条新禁令正在生效，错一步就会被记入档案。,傲罗/执法司文书官/预言家记者（高压、程序化口吻）
stage_njw_10,njw,静安,铜仁路口,幻影广告牌,财务司/国际合作司,Ministry finance / International cooperation,thread_gringotts_audit|thread_ministry_lockdown,audit|authority|finance|order|paper|seal|security,31.229,121.459171,True,魔法部加强封锁后，「铜仁路口·幻影广告牌」成了执法与舆论的交汇处；一条新禁令正在生效，错一步就会被记入档案。,傲罗/执法司文书官/预言家记者（高压、程序化口吻）
stage_zsp_01,zsp,长宁,中山公园,神奇动物安置点,神奇动物驿站,Fantastic Beasts,thread_creature_surge|thread_hogwarts_field,creature|mystery|order|risk|signal,31.223865,121.424211,True,神奇动物的踪迹在「中山公园·神奇动物安置点」附近频繁出现；只要收集到毛发/足迹/回声，就能推断它从哪条隐蔽路径进入城市。,驯兽师/巡护员/药草学助手（观察痕迹、描述生物习性）
stage_zsp_02,zsp,长宁,龙之梦购物中心,神奇动物巡护站,神奇动物驿站,Fantastic Beasts,thread_creature_surge|thread_hogwarts_field,creature|mystery|order|risk|signal,31.224063,121.425854,True,神奇动物的踪迹在「龙之梦购物中心·神奇动物巡护站」附近频繁出现；只要收集到毛发/足迹/回声，就能推断它从哪条隐蔽路径进入城市。,驯兽师/巡护员/药草学助手（观察痕迹、描述生物习性）
stage_zsp_03,zsp,长宁,长宁路口,独角兽水源点,神奇动物驿站,Fantastic Beasts,thread_creature_surge|thread_hogwarts_field,creature|mystery|occlusion|order|risk|ritual|signal,31.224036,121.42222,True,神奇动物的踪迹在「长宁路口·独角兽水源点」附近频繁出现；只要收集到毛发/足迹/回声，就能推断它从哪条隐蔽路径进入城市。,驯兽师/巡护员/药草学助手（观察痕迹、描述生物习性）
stage_zsp_04,zsp,长宁,定西路口,夜骐牧场,神奇动物驿站,Fantastic Beasts,thread_creature_surge|thread_hogwarts_field,creature|mystery|occlusion|order|risk|ritual|signal,31.225613,121.423853,True,神奇动物的踪迹在「定西路口·夜骐牧场」附近频繁出现；只要收集到毛发/足迹/回声，就能推断它从哪条隐蔽路径进入城市。,驯兽师/巡护员/药草学助手（观察痕迹、描述生物习性）
stage_zsp_05,zsp,长宁,江苏路口,护树罗锅小窝,神奇动物驿站,Fantastic Beasts,thread_creature_surge|thread_hogwarts_field,creature|mystery|occlusion|order|risk|ritual|signal,31.22227,121.424158,True,神奇动物的踪迹在「江苏路口·护树罗锅小窝」附近频繁出现；只要收集到毛发/足迹/回声，就能推断它从哪条隐蔽路径进入城市。,驯兽师/巡护员/药草学助手（观察痕迹、描述生物习性）
stage_zsp_06,zsp,长宁,愚园路（长宁段）,嗅嗅巡逻点,神奇动物驿站,Fantastic Beasts,thread_creature_surge|thread_hogwarts_field,creature|mystery|occlusion|order|risk|ritual|signal,31.225649,121.425896,True,神奇动物的踪迹在「愚园路（长宁段）·嗅嗅巡逻点」附近频繁出现；只要收集到毛发/足迹/回声，就能推断它从哪条隐蔽路径进入城市。,驯兽师/巡护员/药草学助手（观察痕迹、描述生物习性）
stage_zsp_07,zsp,长宁,延安西路口,马人观测点,神奇动物驿站,Fantastic Beasts,thread_creature_surge|thread_hogwarts_field,books|clue|creature|mystery|occlusion|order|paper|risk|ritual|school|secret|signal,31.222333,121.425886,True,神奇动物的踪迹在「延安西路口·马人观测点」附近频繁出现；只要收集到毛发/足迹/回声，就能推断它从哪条隐蔽路径进入城市。,驯兽师/巡护员/药草学助手（观察痕迹、描述生物习性）
stage_zsp_08,zsp,长宁,凯旋路口,摄魂怪预警灯,神奇动物驿站,Fantastic Beasts,thread_creature_surge|thread_hogwarts_field,creature|mystery|order|risk|signal,31.225559,121.421914,True,神奇动物的踪迹在「凯旋路口·摄魂怪预警灯」附近频繁出现；只要收集到毛发/足迹/回声，就能推断它从哪条隐蔽路径进入城市。,驯兽师/巡护员/药草学助手（观察痕迹、描述生物习性）
stage_zsp_09,zsp,长宁,中山公园地铁站,禁林投影边缘,神奇动物驿站,Fantastic Beasts,thread_creature_surge|thread_hogwarts_field,creature|mystery|occlusion|order|risk|ritual|signal,31.222414,121.421904,True,神奇动物的踪迹在「中山公园地铁站·禁林投影边缘」附近频繁出现；只要收集到毛发/足迹/回声，就能推断它从哪条隐蔽路径进入城市。,驯兽师/巡护员/药草学助手（观察痕迹、描述生物习性）
stage_zsp_10,zsp,长宁,虹桥路口,凤凰栖木,神奇动物驿站,Fantastic Beasts,thread_creature_surge|thread_hogwarts_field,creature|mystery|occlusion|order|risk|ritual|signal,31.223919,121.427508,True,神奇动物的踪迹在「虹桥路口·凤凰栖木」附近频繁出现；只要收集到毛发/足迹/回声，就能推断它从哪条隐蔽路径进入城市。,驯兽师/巡护员/药草学助手（观察痕迹、描述生物习性）
stage_xujiahui_01,xujiahui,徐汇,徐家汇,校友会沪上会馆,霍格沃茨校友会/外勤教室,Hogwarts,thread_hogwarts_field|thread_ministry_lockdown,books|clue|order|paper|school|secret|security,31.193973,121.436126,True,霍格沃茨的外勤任务落在「徐家汇·校友会沪上会馆」：一份讲义与一段录音需要你和同伴拼起来，才能解出下一道门的条件。,霍格沃茨外勤导师/拉文克劳学生/图书馆管理员（知识导向、给提示不直给答案）
stage_xujiahui_02,xujiahui,徐汇,港汇恒隆广场,魔法史讲堂,霍格沃茨校友会/外勤教室,Hogwarts,thread_hogwarts_field|thread_ministry_lockdown,books|clue|order|paper|school|secret|security,31.193919,121.437822,True,霍格沃茨的外勤任务落在「港汇恒隆广场·魔法史讲堂」：一份讲义与一段录音需要你和同伴拼起来，才能解出下一道门的条件。,霍格沃茨外勤导师/拉文克劳学生/图书馆管理员（知识导向、给提示不直给答案）
stage_xujiahui_03,xujiahui,徐汇,美罗城,拉文克劳资料室,霍格沃茨校友会/外勤教室,Hogwarts,thread_hogwarts_field|thread_ministry_lockdown,books|clue|order|paper|school|secret|security,31.194117,121.434262,True,霍格沃茨的外勤任务落在「美罗城·拉文克劳资料室」：一份讲义与一段录音需要你和同伴拼起来，才能解出下一道门的条件。,霍格沃茨外勤导师/拉文克劳学生/图书馆管理员（知识导向、给提示不直给答案）
stage_xujiahui_04,xujiahui,徐汇,徐家汇天主教堂,格兰芬多集结点,霍格沃茨校友会/外勤教室,Hogwarts,thread_hogwarts_field|thread_ministry_lockdown,books|clue|order|school|security,31.195586,121.436179,True,霍格沃茨的外勤任务落在「徐家汇天主教堂·格兰芬多集结点」：一份讲义与一段录音需要你和同伴拼起来，才能解出下一道门的条件。,霍格沃茨外勤导师/拉文克劳学生/图书馆管理员（知识导向、给提示不直给答案）
stage_xujiahui_05,xujiahui,徐汇,徐家汇公园,赫奇帕奇补给间,霍格沃茨校友会/外勤教室,Hogwarts,thread_hogwarts_field|thread_ministry_lockdown,books|clue|order|school|security,31.192351,121.436063,True,霍格沃茨的外勤任务落在「徐家汇公园·赫奇帕奇补给间」：一份讲义与一段录音需要你和同伴拼起来，才能解出下一道门的条件。,霍格沃茨外勤导师/拉文克劳学生/图书馆管理员（知识导向、给提示不直给答案）
stage_xujiahui_06,xujiahui,徐汇,太平洋百货,斯莱特林暗室,霍格沃茨校友会/外勤教室,Hogwarts,thread_hogwarts_field|thread_ministry_lockdown,books|clue|order|school|security,31.195622,121.438022,True,霍格沃茨的外勤任务落在「太平洋百货·斯莱特林暗室」：一份讲义与一段录音需要你和同伴拼起来，才能解出下一道门的条件。,霍格沃茨外勤导师/拉文克劳学生/图书馆管理员（知识导向、给提示不直给答案）
stage_xujiahui_07,xujiahui,徐汇,徐家汇地铁站,黑魔防练习场,霍格沃茨校友会/外勤教室,Hogwarts,thread_hogwarts_field|thread_ministry_lockdown,black_market|books|clue|forgery|lanes|occlusion|order|risk|school|secret|security|signal|trade,31.192261,121.437927,False,霍格沃茨的外勤任务落在「徐家汇地铁站·黑魔防练习场」：一份讲义与一段录音需要你和同伴拼起来，才能解出下一道门的条件。,霍格沃茨外勤导师/拉文克劳学生/图书馆管理员（知识导向、给提示不直给答案）
stage_xujiahui_08,xujiahui,徐汇,衡山路口（徐家汇）,飞行课看台,霍格沃茨校友会/外勤教室,Hogwarts,thread_hogwarts_field|thread_ministry_lockdown,books|clue|order|school|security,31.195703,121.434252,True,霍格沃茨的外勤任务落在「衡山路口（徐家汇）·飞行课看台」：一份讲义与一段录音需要你和同伴拼起来，才能解出下一道门的条件。,霍格沃茨外勤导师/拉文克劳学生/图书馆管理员（知识导向、给提示不直给答案）
stage_xujiahui_09,xujiahui,徐汇,徐家汇书院,分院帽问答桌,霍格沃茨校友会/外勤教室,Hogwarts,thread_hogwarts_field|thread_ministry_lockdown,books|clue|order|school|security,31.192559,121.434283,True,霍格沃茨的外勤任务落在「徐家汇书院·分院帽问答桌」：一份讲义与一段录音需要你和同伴拼起来，才能解出下一道门的条件。,霍格沃茨外勤导师/拉文克劳学生/图书馆管理员（知识导向、给提示不直给答案）
stage_xujiahui_10,xujiahui,徐汇,上海体育馆口,OWL考试公告栏,霍格沃茨校友会/外勤教室,Hogwarts,thread_hogwarts_field|thread_ministry_lockdown,audit|authority|books|clue|ministry|order|paper|school|secret|security,31.194162,121.439549,True,霍格沃茨的外勤任务落在「上海体育馆口·OWL考试公告栏」：一份讲义与一段录音需要你和同伴拼起来，才能解出下一道门的条件。,霍格沃茨外勤导师/拉文克劳学生/图书馆管理员（知识导向、给提示不直给答案）
stage_wukang_01,wukang,徐汇,武康路,凤凰社密会门环,凤凰社安全屋/双面镜,Order of the Phoenix,thread_ministry_lockdown|thread_hogwarts_field|thread_knockturn_smuggling,clue|creature|lanes|mystery|occlusion|order|risk|ritual|secret|security|signal,31.206153,121.437958,False,「武康路·凤凰社密会门环」像凤凰社的安全屋入口：信息不会直说，只会以双面镜/暗号/碎片形式出现；你需要与他人交换证物才能拼全。,站台引导员/邮局分拣员/无线电播音员（节拍强、信息短句）
stage_wukang_02,wukang,徐汇,安福路,双面镜交换柜,凤凰社安全屋/双面镜,Order of the Phoenix,thread_ministry_lockdown|thread_hogwarts_field|thread_knockturn_smuggling,clue|lanes|occlusion|order|secret|security,31.206108,121.439696,False,「安福路·双面镜交换柜」像凤凰社的安全屋入口：信息不会直说，只会以双面镜/暗号/碎片形式出现；你需要与他人交换证物才能拼全。,站台引导员/邮局分拣员/无线电播音员（节拍强、信息短句）
stage_wukang_03,wukang,徐汇,衡山路,记忆瓶暗柜,凤凰社安全屋/双面镜,Order of the Phoenix,thread_ministry_lockdown|thread_hogwarts_field|thread_knockturn_smuggling,clue|lanes|occlusion|order|secret|security,31.206153,121.436136,False,「衡山路·记忆瓶暗柜」像凤凰社的安全屋入口：信息不会直说，只会以双面镜/暗号/碎片形式出现；你需要与他人交换证物才能拼全。,站台引导员/邮局分拣员/无线电播音员（节拍强、信息短句）
stage_wukang_04,wukang,徐汇,复兴西路,预言厅碎片收藏,凤凰社安全屋/双面镜,Order of the Phoenix,thread_ministry_lockdown|thread_hogwarts_field|thread_knockturn_smuggling,clue|lanes|occlusion|order|secret|security,31.207703,121.437905,False,「复兴西路·预言厅碎片收藏」像凤凰社的安全屋入口：信息不会直说，只会以双面镜/暗号/碎片形式出现；你需要与他人交换证物才能拼全。,站台引导员/邮局分拣员/无线电播音员（节拍强、信息短句）
stage_wukang_05,wukang,徐汇,乌鲁木齐中路,隐形披风投影廊,凤凰社安全屋/双面镜,Order of the Phoenix,thread_ministry_lockdown|thread_hogwarts_field|thread_knockturn_smuggling,clue|lanes|occlusion|order|secret|security,31.204261,121.437989,False,「乌鲁木齐中路·隐形披风投影廊」像凤凰社的安全屋入口：信息不会直说，只会以双面镜/暗号/碎片形式出现；你需要与他人交换证物才能拼全。,站台引导员/邮局分拣员/无线电播音员（节拍强、信息短句）
stage_wukang_06,wukang,徐汇,上海交大徐汇校区,守护神练习点,凤凰社安全屋/双面镜,Order of the Phoenix,thread_ministry_lockdown|thread_hogwarts_field|thread_knockturn_smuggling,clue|lanes|occlusion|order|secret|security,31.207541,121.440054,False,「上海交大徐汇校区·守护神练习点」像凤凰社的安全屋入口：信息不会直说，只会以双面镜/暗号/碎片形式出现；你需要与他人交换证物才能拼全。,站台引导员/邮局分拣员/无线电播音员（节拍强、信息短句）
stage_wukang_07,wukang,徐汇,宋庆龄故居,合法化身术诊所,凤凰社安全屋/双面镜,Order of the Phoenix,thread_ministry_lockdown|thread_hogwarts_field|thread_knockturn_smuggling,clue|lanes|occlusion|order|secret|security,31.204505,121.439991,False,「宋庆龄故居·合法化身术诊所」像凤凰社的安全屋入口：信息不会直说，只会以双面镜/暗号/碎片形式出现；你需要与他人交换证物才能拼全。,站台引导员/邮局分拣员/无线电播音员（节拍强、信息短句）
stage_wukang_08,wukang,徐汇,巴金故居,禁咒事故档案点,凤凰社安全屋/双面镜,Order of the Phoenix,thread_ministry_lockdown|thread_hogwarts_field|thread_knockturn_smuggling,audit|authority|clue|lanes|ministry|occlusion|order|paper|secret|security,31.20764,121.43602,False,「巴金故居·禁咒事故档案点」像凤凰社的安全屋入口：信息不会直说，只会以双面镜/暗号/碎片形式出现；你需要与他人交换证物才能拼全。,站台引导员/邮局分拣员/无线电播音员（节拍强、信息短句）
stage_wukang_09,wukang,徐汇,上海音乐学院,魂器谣言角,凤凰社安全屋/双面镜,Order of the Phoenix,thread_ministry_lockdown|thread_hogwarts_field|thread_knockturn_smuggling,black_market|clue|forgery|lanes|occlusion|order|risk|secret|security|signal|trade,31.204261,121.435978,False,「上海音乐学院·魂器谣言角」像凤凰社的安全屋入口：信息不会直说，只会以双面镜/暗号/碎片形式出现；你需要与他人交换证物才能拼全。,站台引导员/邮局分拣员/无线电播音员（节拍强、信息短句）
stage_wukang_10,wukang,徐汇,湖南路口,夜巡暗线,凤凰社安全屋/双面镜,Order of the Phoenix,thread_ministry_lockdown|thread_hogwarts_field|thread_knockturn_smuggling,clue|lanes|occlusion|order|secret|security,31.206081,121.441486,False,「湖南路口·夜巡暗线」像凤凰社的安全屋入口：信息不会直说，只会以双面镜/暗号/碎片形式出现；你需要与他人交换证物才能拼全。,站台引导员/邮局分拣员/无线电播音员（节拍强、信息短句）
stage_rail_01,rail,静安,上海火车站,门钥匙列车厢,门钥匙列车/飞路接驳,Portkey / Floo network,thread_floo_fracture|thread_ministry_lockdown,clue|hub|order|portal|risk|security|signal|transport,31.249964,121.458842,True,在「上海火车站·门钥匙列车厢」附近，飞路网与门钥匙线路出现异常回声；你需要在下一次跳转前确认正确的通行暗号与时间窗。,站台引导员/邮局分拣员/无线电播音员（节拍强、信息短句）
stage_rail_02,rail,静安,长途客运总站,飞路炉灰清理站,门钥匙列车/飞路接驳,Portkey / Floo network,thread_floo_fracture|thread_ministry_lockdown,clue|hub|order|portal|risk|security|signal|transport,31.250045,121.460918,True,在「长途客运总站·飞路炉灰清理站」附近，飞路网与门钥匙线路出现异常回声；你需要在下一次跳转前确认正确的通行暗号与时间窗。,站台引导员/邮局分拣员/无线电播音员（节拍强、信息短句）
stage_rail_03,rail,静安,苏州河步道,交通司调度间,门钥匙列车/飞路接驳,Portkey / Floo network,thread_floo_fracture|thread_ministry_lockdown,clue|hub|order|portal|risk|security|signal|transport,31.250036,121.457114,True,在「苏州河步道·交通司调度间」附近，飞路网与门钥匙线路出现异常回声；你需要在下一次跳转前确认正确的通行暗号与时间窗。,站台引导员/邮局分拣员/无线电播音员（节拍强、信息短句）
stage_rail_04,rail,静安,M50创意园,失控门封印站,门钥匙列车/飞路接驳,Portkey / Floo network,thread_floo_fracture|thread_ministry_lockdown,hub|portal|risk|security|signal|transport,31.251721,121.458831,True,在「M50创意园·失控门封印站」附近，飞路网与门钥匙线路出现异常回声；你需要在下一次跳转前确认正确的通行暗号与时间窗。,站台引导员/邮局分拣员/无线电播音员（节拍强、信息短句）
stage_rail_05,rail,静安,长寿路口,骑士公交换乘点,门钥匙列车/飞路接驳,Portkey / Floo network,thread_floo_fracture|thread_ministry_lockdown,clue|hub|order|portal|risk|security|signal|transport,31.248342,121.458821,True,在「长寿路口·骑士公交换乘点」附近，飞路网与门钥匙线路出现异常回声；你需要在下一次跳转前确认正确的通行暗号与时间窗。,站台引导员/邮局分拣员/无线电播音员（节拍强、信息短句）
stage_rail_06,rail,静安,天潼路口,行李幻影柜,门钥匙列车/飞路接驳,Portkey / Floo network,thread_floo_fracture|thread_ministry_lockdown,hub|portal|risk|security|signal|transport,31.251739,121.460886,True,在「天潼路口·行李幻影柜」附近，飞路网与门钥匙线路出现异常回声；你需要在下一次跳转前确认正确的通行暗号与时间窗。,站台引导员/邮局分拣员/无线电播音员（节拍强、信息短句）
stage_rail_07,rail,静安,中潭路口,猫头鹰快递站,门钥匙列车/飞路接驳,Portkey / Floo network,thread_floo_fracture|thread_ministry_lockdown,hub|portal|risk|security|signal|transport,31.248414,121.460823,True,在「中潭路口·猫头鹰快递站」附近，飞路网与门钥匙线路出现异常回声；你需要在下一次跳转前确认正确的通行暗号与时间窗。,站台引导员/邮局分拣员/无线电播音员（节拍强、信息短句）
stage_rail_08,rail,静安,昌化路口,防伪检票咒,门钥匙列车/飞路接驳,Portkey / Floo network,thread_floo_fracture|thread_ministry_lockdown,clue|hub|order|portal|risk|security|signal|transport,31.251802,121.457093,True,在「昌化路口·防伪检票咒」附近，飞路网与门钥匙线路出现异常回声；你需要在下一次跳转前确认正确的通行暗号与时间窗。,站台引导员/邮局分拣员/无线电播音员（节拍强、信息短句）
stage_rail_09,rail,静安,光复西路口,信号干扰屏,门钥匙列车/飞路接驳,Portkey / Floo network,thread_floo_fracture|thread_ministry_lockdown,hub|portal|risk|security|signal|transport,31.248559,121.457072,True,在「光复西路口·信号干扰屏」附近，飞路网与门钥匙线路出现异常回声；你需要在下一次跳转前确认正确的通行暗号与时间窗。,站台引导员/邮局分拣员/无线电播音员（节拍强、信息短句）
stage_rail_10,rail,静安,上海站北广场,紧急撤离点,门钥匙列车/飞路接驳,Portkey / Floo network,thread_floo_fracture|thread_ministry_lockdown,clue|hub|order|portal|risk|security|signal|transport,31.250162,121.462225,True,在「上海站北广场·紧急撤离点」附近，飞路网与门钥匙线路出现异常回声；你需要在下一次跳转前确认正确的通行暗号与时间窗。,站台引导员/邮局分拣员/无线电播音员（节拍强、信息短句）
stage_northbund_01,northbund,虹口,北外滩滨江,黑湖码头渡口,黑湖码头/魔法海关,Black Lake Dock / Smuggling interdiction,thread_knockturn_smuggling|thread_floo_fracture|thread_ministry_lockdown,occlusion|risk|security|signal|trade|transport|waterfront,31.248144,121.500063,True,「北外滩滨江·黑湖码头渡口」靠近水域与码头，海雾带来遮蔽与回声；海关结界与走私暗号同时出现，线索会随潮汐改变。,暗市掮客/伪造师/走私联络员（低语、暗号、避实就虚）
stage_northbund_02,northbund,虹口,白玉兰广场,魔法海关口岸,黑湖码头/魔法海关,Black Lake Dock / Smuggling interdiction,thread_knockturn_smuggling|thread_floo_fracture|thread_ministry_lockdown,occlusion|risk|security|signal|trade|transport|waterfront,31.247955,121.501812,True,「白玉兰广场·魔法海关口岸」靠近水域与码头，海雾带来遮蔽与回声；海关结界与走私暗号同时出现，线索会随潮汐改变。,暗市掮客/伪造师/走私联络员（低语、暗号、避实就虚）
stage_northbund_03,northbund,虹口,国际客运中心,走私截停点,黑湖码头/魔法海关,Black Lake Dock / Smuggling interdiction,thread_knockturn_smuggling|thread_floo_fracture|thread_ministry_lockdown,black_market|forgery|lanes|occlusion|risk|secret|security|signal|trade|transport|waterfront,31.247973,121.497956,False,「国际客运中心·走私截停点」靠近水域与码头，海雾带来遮蔽与回声；海关结界与走私暗号同时出现，线索会随潮汐改变。,暗市掮客/伪造师/走私联络员（低语、暗号、避实就虚）
stage_northbund_04,northbund,虹口,上海邮轮码头,海雾信号灯塔,黑湖码头/魔法海关,Black Lake Dock / Smuggling interdiction,thread_knockturn_smuggling|thread_floo_fracture|thread_ministry_lockdown,occlusion|risk|security|signal|trade|transport|waterfront,31.249766,121.499821,True,「上海邮轮码头·海雾信号灯塔」靠近水域与码头，海雾带来遮蔽与回声；海关结界与走私暗号同时出现，线索会随潮汐改变。,暗市掮客/伪造师/走私联络员（低语、暗号、避实就虚）
stage_northbund_05,northbund,虹口,提篮桥口,国际魁地奇码头,黑湖码头/魔法海关,Black Lake Dock / Smuggling interdiction,thread_knockturn_smuggling|thread_floo_fracture|thread_ministry_lockdown,occlusion|risk|security|signal|trade|transport|waterfront,31.246225,121.5,True,「提篮桥口·国际魁地奇码头」靠近水域与码头，海雾带来遮蔽与回声；海关结界与走私暗号同时出现，线索会随潮汐改变。,暗市掮客/伪造师/走私联络员（低语、暗号、避实就虚）
stage_northbund_06,northbund,虹口,公平路口,德姆斯特朗货舱,黑湖码头/魔法海关,Black Lake Dock / Smuggling interdiction,thread_knockturn_smuggling|thread_floo_fracture|thread_ministry_lockdown,occlusion|risk|security|signal|trade|transport|waterfront,31.24973,121.501823,True,「公平路口·德姆斯特朗货舱」靠近水域与码头，海雾带来遮蔽与回声；海关结界与走私暗号同时出现，线索会随潮汐改变。,暗市掮客/伪造师/走私联络员（低语、暗号、避实就虚）
stage_northbund_07,northbund,虹口,东大名路口,门钥匙仓,黑湖码头/魔法海关,Black Lake Dock / Smuggling interdiction,thread_knockturn_smuggling|thread_floo_fracture|thread_ministry_lockdown,clue|hub|occlusion|order|portal|risk|security|signal|trade|transport|waterfront,31.246207,121.501865,True,「东大名路口·门钥匙仓」靠近水域与码头，海雾带来遮蔽与回声；海关结界与走私暗号同时出现，线索会随潮汐改变。,暗市掮客/伪造师/走私联络员（低语、暗号、避实就虚）
stage_northbund_08,northbund,虹口,北外滩来福士口,护岸结界桩,黑湖码头/魔法海关,Black Lake Dock / Smuggling interdiction,thread_knockturn_smuggling|thread_floo_fracture|thread_ministry_lockdown,occlusion|risk|security|signal|trade|transport|waterfront,31.249775,121.498124,True,「北外滩来福士口·护岸结界桩」靠近水域与码头，海雾带来遮蔽与回声；海关结界与走私暗号同时出现，线索会随潮汐改变。,暗市掮客/伪造师/走私联络员（低语、暗号、避实就虚）
stage_northbund_09,northbund,虹口,虹口滨江绿地,水下回声室,黑湖码头/魔法海关,Black Lake Dock / Smuggling interdiction,thread_knockturn_smuggling|thread_floo_fracture|thread_ministry_lockdown,occlusion|risk|security|signal|trade|transport|waterfront,31.246405,121.497945,True,「虹口滨江绿地·水下回声室」靠近水域与码头，海雾带来遮蔽与回声；海关结界与走私暗号同时出现，线索会随潮汐改变。,暗市掮客/伪造师/走私联络员（低语、暗号、避实就虚）
stage_northbund_10,northbund,虹口,外白渡桥北口,港口传闻墙,黑湖码头/魔法海关,Black Lake Dock / Smuggling interdiction,thread_knockturn_smuggling|thread_floo_fracture|thread_ministry_lockdown,occlusion|risk|security|signal|trade|transport|waterfront,31.247991,121.503562,True,「外白渡桥北口·港口传闻墙」靠近水域与码头，海雾带来遮蔽与回声；海关结界与走私暗号同时出现，线索会随潮汐改变。,暗市掮客/伪造师/走私联络员（低语、暗号、避实就虚）
stage_hongkou_01,hongkou,虹口,虹口足球场,傲罗训练场,傲罗训练区/档案馆,Auror Office / Law Enforcement,thread_ministry_lockdown|thread_knockturn_smuggling|thread_creature_surge,audit|authority|clue|order|risk|security,31.276,121.488084,True,魔法部加强封锁后，「虹口足球场·傲罗训练场」成了执法与舆论的交汇处；一条新禁令正在生效，错一步就会被记入档案。,傲罗/执法司文书官/预言家记者（高压、程序化口吻）
stage_hongkou_02,hongkou,虹口,鲁迅公园,执法司演练厅,傲罗训练区/档案馆,Auror Office / Law Enforcement,thread_ministry_lockdown|thread_knockturn_smuggling|thread_creature_surge,audit|authority|clue|order|risk|security,31.276,121.490003,True,魔法部加强封锁后，「鲁迅公园·执法司演练厅」成了执法与舆论的交汇处；一条新禁令正在生效，错一步就会被记入档案。,傲罗/执法司文书官/预言家记者（高压、程序化口吻）
stage_hongkou_03,hongkou,虹口,1933老场坊,记忆抹除培训点,傲罗训练区/档案馆,Auror Office / Law Enforcement,thread_ministry_lockdown|thread_knockturn_smuggling|thread_creature_surge,audit|authority|clue|order|risk|security,31.276171,121.486103,True,魔法部加强封锁后，「1933老场坊·记忆抹除培训点」成了执法与舆论的交汇处；一条新禁令正在生效，错一步就会被记入档案。,傲罗/执法司文书官/预言家记者（高压、程序化口吻）
stage_hongkou_04,hongkou,虹口,多伦路名人街,凤凰社观察台,傲罗训练区/档案馆,Auror Office / Law Enforcement,thread_ministry_lockdown|thread_knockturn_smuggling|thread_creature_surge,audit|authority|clue|creature|mystery|occlusion|order|risk|ritual|security|signal,31.277468,121.488011,True,魔法部加强封锁后，「多伦路名人街·凤凰社观察台」成了执法与舆论的交汇处；一条新禁令正在生效，错一步就会被记入档案。,傲罗/执法司文书官/预言家记者（高压、程序化口吻）
stage_hongkou_05,hongkou,虹口,四川北路口,黑魔遗物展柜,傲罗训练区/档案馆,Auror Office / Law Enforcement,thread_ministry_lockdown|thread_knockturn_smuggling|thread_creature_surge,audit|authority|black_market|clue|forgery|lanes|occlusion|order|risk|secret|security|signal|trade,31.274505,121.4882,False,魔法部加强封锁后，「四川北路口·黑魔遗物展柜」成了执法与舆论的交汇处；一条新禁令正在生效，错一步就会被记入档案。,傲罗/执法司文书官/预言家记者（高压、程序化口吻）
stage_hongkou_06,hongkou,虹口,海伦路口,禁咒事故档案馆,傲罗训练区/档案馆,Auror Office / Law Enforcement,thread_ministry_lockdown|thread_knockturn_smuggling|thread_creature_surge,audit|authority|clue|ministry|order|paper|risk|security,31.277468,121.489697,True,魔法部加强封锁后，「海伦路口·禁咒事故档案馆」成了执法与舆论的交汇处；一条新禁令正在生效，错一步就会被记入档案。,傲罗/执法司文书官/预言家记者（高压、程序化口吻）
stage_hongkou_07,hongkou,虹口,甜爱路口,混淆咒演示点,傲罗训练区/档案馆,Auror Office / Law Enforcement,thread_ministry_lockdown|thread_knockturn_smuggling|thread_creature_surge,audit|authority|clue|order|risk|security,31.274351,121.489834,True,魔法部加强封锁后，「甜爱路口·混淆咒演示点」成了执法与舆论的交汇处；一条新禁令正在生效，错一步就会被记入档案。,傲罗/执法司文书官/预言家记者（高压、程序化口吻）
stage_hongkou_08,hongkou,虹口,虹口龙之梦口,巡逻路线图,傲罗训练区/档案馆,Auror Office / Law Enforcement,thread_ministry_lockdown|thread_knockturn_smuggling|thread_creature_surge,audit|authority|clue|order|risk|security,31.27755,121.485987,True,魔法部加强封锁后，「虹口龙之梦口·巡逻路线图」成了执法与舆论的交汇处；一条新禁令正在生效，错一步就会被记入档案。,傲罗/执法司文书官/预言家记者（高压、程序化口吻）
stage_hongkou_09,hongkou,虹口,邮政博物馆口,审讯模拟室,傲罗训练区/档案馆,Auror Office / Law Enforcement,thread_ministry_lockdown|thread_knockturn_smuggling|thread_creature_surge,audit|authority|clue|order|risk|security,31.274243,121.486092,True,魔法部加强封锁后，「邮政博物馆口·审讯模拟室」成了执法与舆论的交汇处；一条新禁令正在生效，错一步就会被记入档案。,傲罗/执法司文书官/预言家记者（高压、程序化口吻）
stage_hongkou_10,hongkou,虹口,江湾体育场口,战术道具仓,傲罗训练区/档案馆,Auror Office / Law Enforcement,thread_ministry_lockdown|thread_knockturn_smuggling|thread_creature_surge,audit|authority|clue|order|risk|security,31.275838,121.49151,True,魔法部加强封锁后，「江湾体育场口·战术道具仓」成了执法与舆论的交汇处；一条新禁令正在生效，错一步就会被记入档案。,傲罗/执法司文书官/预言家记者（高压、程序化口吻）
stage_lujiazui,lujiazui,浦东,陆家嘴环路,古灵阁东方分行大厅,古灵阁东方分行,Gringotts,thread_gringotts_audit|thread_ministry_lockdown,audit|bank|finance|paper|seal|security,31.240153,121.506011,True,古灵阁的账簿清点波及到「陆家嘴环路·古灵阁东方分行大厅」：一笔被抹去的记录正指向某个上锁金库，封印是否被动过是关键。,古灵阁审计员/哥布林柜员/保安结界师（冷静、算计、注重细节）
stage_lujiazui_02,lujiazui,浦东,东方明珠,金库门一号,古灵阁东方分行,Gringotts,thread_gringotts_audit|thread_ministry_lockdown,audit|bank|finance|paper|seal|security,31.239946,121.507918,True,古灵阁的账簿清点波及到「东方明珠·金库门一号」：一笔被抹去的记录正指向某个上锁金库，封印是否被动过是关键。,古灵阁审计员/哥布林柜员/保安结界师（冷静、算计、注重细节）
stage_lujiazui_03,lujiazui,浦东,上海中心,哥布林清算台,古灵阁东方分行,Gringotts,thread_gringotts_audit|thread_ministry_lockdown,audit|bank|finance|paper|seal|security,31.240153,121.504304,True,古灵阁的账簿清点波及到「上海中心·哥布林清算台」：一笔被抹去的记录正指向某个上锁金库，封印是否被动过是关键。,古灵阁审计员/哥布林柜员/保安结界师（冷静、算计、注重细节）
stage_lujiazui_04,lujiazui,浦东,环球金融中心,账簿封印室,古灵阁东方分行,Gringotts,thread_gringotts_audit|thread_ministry_lockdown,audit|bank|finance|paper|seal|security,31.24155,121.505852,True,古灵阁的账簿清点波及到「环球金融中心·账簿封印室」：一笔被抹去的记录正指向某个上锁金库，封印是否被动过是关键。,古灵阁审计员/哥布林柜员/保安结界师（冷静、算计、注重细节）
stage_lujiazui_05,lujiazui,浦东,金茂大厦,资产咒印室,古灵阁东方分行,Gringotts,thread_gringotts_audit|thread_ministry_lockdown,audit|bank|finance|paper|seal|security,31.238198,121.505905,True,古灵阁的账簿清点波及到「金茂大厦·资产咒印室」：一笔被抹去的记录正指向某个上锁金库，封印是否被动过是关键。,古灵阁审计员/哥布林柜员/保安结界师（冷静、算计、注重细节）
stage_lujiazui_06,lujiazui,浦东,国金中心IFC,魔法金融交易台,古灵阁东方分行,Gringotts,thread_gringotts_audit|thread_ministry_lockdown,audit|bank|finance|paper|seal|security,31.241685,121.50777,True,古灵阁的账簿清点波及到「国金中心IFC·魔法金融交易台」：一笔被抹去的记录正指向某个上锁金库，封印是否被动过是关键。,古灵阁审计员/哥布林柜员/保安结界师（冷静、算计、注重细节）
stage_lujiazui_07,lujiazui,浦东,正大广场,护卫巨像岗哨,古灵阁东方分行,Gringotts,thread_gringotts_audit|thread_ministry_lockdown,audit|bank|finance|paper|seal|security,31.238342,121.507844,True,古灵阁的账簿清点波及到「正大广场·护卫巨像岗哨」：一笔被抹去的记录正指向某个上锁金库，封印是否被动过是关键。,古灵阁审计员/哥布林柜员/保安结界师（冷静、算计、注重细节）
stage_lujiazui_08,lujiazui,浦东,陆家嘴地铁站,债券咒文柜,古灵阁东方分行,Gringotts,thread_gringotts_audit|thread_ministry_lockdown,audit|bank|finance|paper|seal|security,31.241495,121.504051,True,古灵阁的账簿清点波及到「陆家嘴地铁站·债券咒文柜」：一笔被抹去的记录正指向某个上锁金库，封印是否被动过是关键。,古灵阁审计员/哥布林柜员/保安结界师（冷静、算计、注重细节）
stage_lujiazui_09,lujiazui,浦东,滨江大道,审计密室,古灵阁东方分行,Gringotts,thread_gringotts_audit|thread_ministry_lockdown,audit|bank|finance|paper|seal|security,31.238351,121.504282,True,古灵阁的账簿清点波及到「滨江大道·审计密室」：一笔被抹去的记录正指向某个上锁金库，封印是否被动过是关键。,古灵阁审计员/哥布林柜员/保安结界师（冷静、算计、注重细节）
stage_lujiazui_10,lujiazui,浦东,观光隧道口（浦东）,黑金追踪台,古灵阁东方分行,Gringotts,thread_gringotts_audit|thread_ministry_lockdown,audit|bank|finance|paper|seal|security,31.240135,121.509572,True,古灵阁的账簿清点波及到「观光隧道口（浦东）·黑金追踪台」：一笔被抹去的记录正指向某个上锁金库，封印是否被动过是关键。,古灵阁审计员/哥布林柜员/保安结界师（冷静、算计、注重细节）
stage_centuryave_01,centuryave,浦东,世纪大道,国际合作司办证台,魔法科技展/国际合作,Department of Mysteries / Muggle studies,thread_hogwarts_field|thread_floo_fracture|thread_ministry_lockdown,audit|authority|clue|ministry|order|paper|security|signal|transport,31.221928,121.537916,True,在「世纪大道·国际合作司办证台」，神秘事务司式的回声干扰正在放大；你拿到的每个碎片都“可解释但不确定”，必须用审计与封印去验证。,站台引导员/邮局分拣员/无线电播音员（节拍强、信息短句）
stage_centuryave_02,centuryave,浦东,上海科技馆,麻瓜研究伪装科,魔法科技展/国际合作,Department of Mysteries / Muggle studies,thread_hogwarts_field|thread_floo_fracture|thread_ministry_lockdown,authority|books|clue|order|paper|school|secret|signal|transport,31.222117,121.539854,True,在「上海科技馆·麻瓜研究伪装科」，神秘事务司式的回声干扰正在放大；你拿到的每个碎片都“可解释但不确定”，必须用审计与封印去验证。,站台引导员/邮局分拣员/无线电播音员（节拍强、信息短句）
stage_centuryave_03,centuryave,浦东,东方艺术中心,魔法科技展厅,魔法科技展/国际合作,Department of Mysteries / Muggle studies,thread_hogwarts_field|thread_floo_fracture|thread_ministry_lockdown,authority|clue|order|paper|signal|transport,31.221901,121.535914,True,在「东方艺术中心·魔法科技展厅」，神秘事务司式的回声干扰正在放大；你拿到的每个碎片都“可解释但不确定”，必须用审计与封印去验证。,站台引导员/邮局分拣员/无线电播音员（节拍强、信息短句）
stage_centuryave_04,centuryave,浦东,世纪大道地铁站,神秘事务司回声室,魔法科技展/国际合作,Department of Mysteries / Muggle studies,thread_hogwarts_field|thread_floo_fracture|thread_ministry_lockdown,audit|authority|clue|ministry|order|paper|security|signal|transport,31.223523,121.538,True,在「世纪大道地铁站·神秘事务司回声室」，神秘事务司式的回声干扰正在放大；你拿到的每个碎片都“可解释但不确定”，必须用审计与封印去验证。,站台引导员/邮局分拣员/无线电播音员（节拍强、信息短句）
stage_centuryave_05,centuryave,浦东,张杨路口,预言家数据台,魔法科技展/国际合作,Department of Mysteries / Muggle studies,thread_hogwarts_field|thread_floo_fracture|thread_ministry_lockdown,authority|clue|order|paper|signal|transport,31.220414,121.538147,True,在「张杨路口·预言家数据台」，神秘事务司式的回声干扰正在放大；你拿到的每个碎片都“可解释但不确定”，必须用审计与封印去验证。,站台引导员/邮局分拣员/无线电播音员（节拍强、信息短句）
stage_centuryave_06,centuryave,浦东,花木路口,交通枢纽门厅,魔法科技展/国际合作,Department of Mysteries / Muggle studies,thread_hogwarts_field|thread_floo_fracture|thread_ministry_lockdown,authority|clue|hub|order|paper|portal|security|signal|transport,31.223541,121.539749,True,在「花木路口·交通枢纽门厅」，神秘事务司式的回声干扰正在放大；你拿到的每个碎片都“可解释但不确定”，必须用审计与封印去验证。,站台引导员/邮局分拣员/无线电播音员（节拍强、信息短句）
stage_centuryave_07,centuryave,浦东,迎春路口,时空记录柜,魔法科技展/国际合作,Department of Mysteries / Muggle studies,thread_hogwarts_field|thread_floo_fracture|thread_ministry_lockdown,authority|clue|order|paper|signal|transport,31.220315,121.539907,True,在「迎春路口·时空记录柜」，神秘事务司式的回声干扰正在放大；你拿到的每个碎片都“可解释但不确定”，必须用审计与封印去验证。,站台引导员/邮局分拣员/无线电播音员（节拍强、信息短句）
stage_centuryave_08,centuryave,浦东,丁香路口,咒语反射屏,魔法科技展/国际合作,Department of Mysteries / Muggle studies,thread_hogwarts_field|thread_floo_fracture|thread_ministry_lockdown,authority|clue|order|paper|signal|transport,31.223649,121.53623,True,在「丁香路口·咒语反射屏」，神秘事务司式的回声干扰正在放大；你拿到的每个碎片都“可解释但不确定”，必须用审计与封印去验证。,站台引导员/邮局分拣员/无线电播音员（节拍强、信息短句）
stage_centuryave_09,centuryave,浦东,科苑路口,低噪观察窗,魔法科技展/国际合作,Department of Mysteries / Muggle studies,thread_hogwarts_field|thread_floo_fracture|thread_ministry_lockdown,authority|clue|order|paper|signal|transport,31.220198,121.536188,True,在「科苑路口·低噪观察窗」，神秘事务司式的回声干扰正在放大；你拿到的每个碎片都“可解释但不确定”，必须用审计与封印去验证。,站台引导员/邮局分拣员/无线电播音员（节拍强、信息短句）
stage_centuryave_10,centuryave,浦东,浦东图书馆口,外交咒印台,魔法科技展/国际合作,Department of Mysteries / Muggle studies,thread_hogwarts_field|thread_floo_fracture|thread_ministry_lockdown,audit|authority|bank|clue|finance|order|paper|seal|security|signal|transport,31.221829,121.541255,True,在「浦东图书馆口·外交咒印台」，神秘事务司式的回声干扰正在放大；你拿到的每个碎片都“可解释但不确定”，必须用审计与封印去验证。,站台引导员/邮局分拣员/无线电播音员（节拍强、信息短句）
stage_centurypark_01,centurypark,浦东,世纪公园,禁林投影入口,禁林投影区,Forbidden Forest,thread_creature_surge|thread_hogwarts_field,creature|mystery|occlusion|risk|ritual|signal,31.214982,121.546084,True,神奇动物的踪迹在「世纪公园·禁林投影入口」附近频繁出现；只要收集到毛发/足迹/回声，就能推断它从哪条隐蔽路径进入城市。,驯兽师/巡护员/药草学助手（观察痕迹、描述生物习性）
stage_centurypark_02,centurypark,浦东,花木路地铁站,妖精圈,禁林投影区,Forbidden Forest,thread_creature_surge|thread_hogwarts_field,creature|mystery|occlusion|risk|ritual|signal,31.214901,121.547865,True,神奇动物的踪迹在「花木路地铁站·妖精圈」附近频繁出现；只要收集到毛发/足迹/回声，就能推断它从哪条隐蔽路径进入城市。,驯兽师/巡护员/药草学助手（观察痕迹、描述生物习性）
stage_centurypark_03,centurypark,浦东,新国际博览中心,马人观测点,禁林投影区,Forbidden Forest,thread_creature_surge|thread_hogwarts_field,books|clue|creature|mystery|occlusion|order|paper|risk|ritual|school|secret|signal,31.21518,121.544241,True,神奇动物的踪迹在「新国际博览中心·马人观测点」附近频繁出现；只要收集到毛发/足迹/回声，就能推断它从哪条隐蔽路径进入城市。,驯兽师/巡护员/药草学助手（观察痕迹、描述生物习性）
stage_centurypark_04,centurypark,浦东,锦绣路口,夜骐牧场,禁林投影区,Forbidden Forest,thread_creature_surge|thread_hogwarts_field,creature|mystery|occlusion|risk|ritual|signal,31.216658,121.546137,True,神奇动物的踪迹在「锦绣路口·夜骐牧场」附近频繁出现；只要收集到毛发/足迹/回声，就能推断它从哪条隐蔽路径进入城市。,驯兽师/巡护员/药草学助手（观察痕迹、描述生物习性）
stage_centurypark_05,centurypark,浦东,罗山路口,独角兽踪迹,禁林投影区,Forbidden Forest,thread_creature_surge|thread_hogwarts_field,creature|mystery|occlusion|risk|ritual|signal,31.213279,121.545916,True,神奇动物的踪迹在「罗山路口·独角兽踪迹」附近频繁出现；只要收集到毛发/足迹/回声，就能推断它从哪条隐蔽路径进入城市。,驯兽师/巡护员/药草学助手（观察痕迹、描述生物习性）
stage_centurypark_06,centurypark,浦东,迎春路（公园段）,海格临时营地,禁林投影区,Forbidden Forest,thread_creature_surge|thread_hogwarts_field,creature|mystery|occlusion|risk|ritual|signal,31.216631,121.547822,True,神奇动物的踪迹在「迎春路（公园段）·海格临时营地」附近频繁出现；只要收集到毛发/足迹/回声，就能推断它从哪条隐蔽路径进入城市。,驯兽师/巡护员/药草学助手（观察痕迹、描述生物习性）
stage_centurypark_07,centurypark,浦东,世纪公园7号门,狼人警戒线,禁林投影区,Forbidden Forest,thread_creature_surge|thread_hogwarts_field,creature|mystery|occlusion|risk|ritual|signal,31.213333,121.547938,True,神奇动物的踪迹在「世纪公园7号门·狼人警戒线」附近频繁出现；只要收集到毛发/足迹/回声，就能推断它从哪条隐蔽路径进入城市。,驯兽师/巡护员/药草学助手（观察痕迹、描述生物习性）
stage_centurypark_08,centurypark,浦东,世纪公园2号门,护树罗锅栖地,禁林投影区,Forbidden Forest,thread_creature_surge|thread_hogwarts_field,creature|mystery|occlusion|risk|ritual|signal,31.216613,121.543893,True,神奇动物的踪迹在「世纪公园2号门·护树罗锅栖地」附近频繁出现；只要收集到毛发/足迹/回声，就能推断它从哪条隐蔽路径进入城市。,驯兽师/巡护员/药草学助手（观察痕迹、描述生物习性）
stage_centurypark_09,centurypark,浦东,芳甸路口,迷雾祭坛,禁林投影区,Forbidden Forest,thread_creature_surge|thread_hogwarts_field,clue|creature|mystery|occlusion|order|risk|ritual|seal|secret|signal,31.213369,121.543935,True,神奇动物的踪迹在「芳甸路口·迷雾祭坛」附近频繁出现；只要收集到毛发/足迹/回声，就能推断它从哪条隐蔽路径进入城市。,驯兽师/巡护员/药草学助手（观察痕迹、描述生物习性）
stage_centurypark_10,centurypark,浦东,龙阳路口,放生登记点,禁林投影区,Forbidden Forest,thread_creature_surge|thread_hogwarts_field,creature|mystery|occlusion|risk|ritual|signal,31.215162,121.549266,True,神奇动物的踪迹在「龙阳路口·放生登记点」附近频繁出现；只要收集到毛发/足迹/回声，就能推断它从哪条隐蔽路径进入城市。,驯兽师/巡护员/药草学助手（观察痕迹、描述生物习性）
stage_fudan_01,fudan,杨浦,复旦大学邯郸校区,魔法研究所图书馆,魔法研究所,Hogwarts research / Library,thread_hogwarts_field|thread_floo_fracture|thread_creature_surge,books|clue|order|paper|school|secret,31.297153,121.503116,True,霍格沃茨的外勤任务落在「复旦大学邯郸校区·魔法研究所图书馆」：一份讲义与一段录音需要你和同伴拼起来，才能解出下一道门的条件。,霍格沃茨外勤导师/拉文克劳学生/图书馆管理员（知识导向、给提示不直给答案）
stage_fudan_02,fudan,杨浦,邯郸路口,拉文克劳论文室,魔法研究所,Hogwarts research / Library,thread_hogwarts_field|thread_floo_fracture|thread_creature_surge,books|clue|order|paper|school|secret,31.297045,121.504961,True,霍格沃茨的外勤任务落在「邯郸路口·拉文克劳论文室」：一份讲义与一段录音需要你和同伴拼起来，才能解出下一道门的条件。,霍格沃茨外勤导师/拉文克劳学生/图书馆管理员（知识导向、给提示不直给答案）
stage_fudan_03,fudan,杨浦,光华楼,预言厅译码室,魔法研究所,Hogwarts research / Library,thread_hogwarts_field|thread_floo_fracture|thread_creature_surge,books|clue|order|paper|school|secret,31.297135,121.501239,True,霍格沃茨的外勤任务落在「光华楼·预言厅译码室」：一份讲义与一段录音需要你和同伴拼起来，才能解出下一道门的条件。,霍格沃茨外勤导师/拉文克劳学生/图书馆管理员（知识导向、给提示不直给答案）
stage_fudan_04,fudan,杨浦,复旦正门,魔咒实验台,魔法研究所,Hogwarts research / Library,thread_hogwarts_field|thread_floo_fracture|thread_creature_surge,books|clue|order|paper|school|secret,31.298712,121.502873,True,霍格沃茨的外勤任务落在「复旦正门·魔咒实验台」：一份讲义与一段录音需要你和同伴拼起来，才能解出下一道门的条件。,霍格沃茨外勤导师/拉文克劳学生/图书馆管理员（知识导向、给提示不直给答案）
stage_fudan_05,fudan,杨浦,相辉堂,记忆术研讨室,魔法研究所,Hogwarts research / Library,thread_hogwarts_field|thread_floo_fracture|thread_creature_surge,books|clue|order|paper|school|secret,31.29545,121.502989,True,霍格沃茨的外勤任务落在「相辉堂·记忆术研讨室」：一份讲义与一段录音需要你和同伴拼起来，才能解出下一道门的条件。,霍格沃茨外勤导师/拉文克劳学生/图书馆管理员（知识导向、给提示不直给答案）
stage_fudan_06,fudan,杨浦,复旦图书馆,符文学讲义柜,魔法研究所,Hogwarts research / Library,thread_hogwarts_field|thread_floo_fracture|thread_creature_surge,books|clue|order|paper|ritual|school|seal|secret,31.298712,121.504929,True,霍格沃茨的外勤任务落在「复旦图书馆·符文学讲义柜」：一份讲义与一段录音需要你和同伴拼起来，才能解出下一道门的条件。,霍格沃茨外勤导师/拉文克劳学生/图书馆管理员（知识导向、给提示不直给答案）
stage_fudan_07,fudan,杨浦,江湾体育场,魔药配方库,魔法研究所,Hogwarts research / Library,thread_hogwarts_field|thread_floo_fracture|thread_creature_surge,books|clue|order|paper|school|secret,31.295387,121.504887,True,霍格沃茨的外勤任务落在「江湾体育场·魔药配方库」：一份讲义与一段录音需要你和同伴拼起来，才能解出下一道门的条件。,霍格沃茨外勤导师/拉文克劳学生/图书馆管理员（知识导向、给提示不直给答案）
stage_fudan_08,fudan,杨浦,五角场口（复旦侧）,天文观测台,魔法研究所,Hogwarts research / Library,thread_hogwarts_field|thread_floo_fracture|thread_creature_surge,books|clue|order|paper|school|secret,31.298505,121.501165,True,霍格沃茨的外勤任务落在「五角场口（复旦侧）·天文观测台」：一份讲义与一段录音需要你和同伴拼起来，才能解出下一道门的条件。,霍格沃茨外勤导师/拉文克劳学生/图书馆管理员（知识导向、给提示不直给答案）
stage_fudan_09,fudan,杨浦,国权路口,保护咒测试点,魔法研究所,Hogwarts research / Library,thread_hogwarts_field|thread_floo_fracture|thread_creature_surge,books|clue|order|paper|school|secret,31.295315,121.500944,True,霍格沃茨的外勤任务落在「国权路口·保护咒测试点」：一份讲义与一段录音需要你和同伴拼起来，才能解出下一道门的条件。,霍格沃茨外勤导师/拉文克劳学生/图书馆管理员（知识导向、给提示不直给答案）
stage_fudan_10,fudan,杨浦,复旦北区,校内密道入口,魔法研究所,Hogwarts research / Library,thread_hogwarts_field|thread_floo_fracture|thread_creature_surge,books|clue|order|paper|school|secret,31.296892,121.506585,True,霍格沃茨的外勤任务落在「复旦北区·校内密道入口」：一份讲义与一段录音需要你和同伴拼起来，才能解出下一道门的条件。,霍格沃茨外勤导师/拉文克劳学生/图书馆管理员（知识导向、给提示不直给答案）
stage_wujiaochang_01,wujiaochang,杨浦,五角场,对角巷北口,对角巷北口/巫师广播,Diagon Alley (north) / Wizarding wireless,thread_knockturn_smuggling|thread_hogwarts_field|thread_floo_fracture,clue|hub|lanes|order|signal|trade,31.302045,121.514053,True,「五角场·对角巷北口」像是对角巷在沪的投影点：有人用可疑封印换取情报与道具，真伪与代价都写在细节里。,站台引导员/邮局分拣员/无线电播音员（节拍强、信息短句）
stage_wujiaochang_02,wujiaochang,杨浦,合生汇,魁地奇球迷酒馆,对角巷北口/巫师广播,Diagon Alley (north) / Wizarding wireless,thread_knockturn_smuggling|thread_hogwarts_field|thread_floo_fracture,clue|hub|lanes|order|signal|trade,31.302162,121.515792,True,「合生汇·魁地奇球迷酒馆」像是对角巷在沪的投影点：有人用可疑封印换取情报与道具，真伪与代价都写在细节里。,站台引导员/邮局分拣员/无线电播音员（节拍强、信息短句）
stage_wujiaochang_03,wujiaochang,杨浦,万达广场（五角场）,巫师无线电台,对角巷北口/巫师广播,Diagon Alley (north) / Wizarding wireless,thread_knockturn_smuggling|thread_hogwarts_field|thread_floo_fracture,clue|hub|lanes|order|paper|signal|trade,31.301883,121.512281,True,「万达广场（五角场）·巫师无线电台」像是对角巷在沪的投影点：有人用可疑封印换取情报与道具，真伪与代价都写在细节里。,站台引导员/邮局分拣员/无线电播音员（节拍强、信息短句）
stage_wujiaochang_04,wujiaochang,杨浦,百联又一城,快闪门厅,对角巷北口/巫师广播,Diagon Alley (north) / Wizarding wireless,thread_knockturn_smuggling|thread_hogwarts_field|thread_floo_fracture,clue|hub|lanes|order|signal|trade,31.303595,121.514095,True,「百联又一城·快闪门厅」像是对角巷在沪的投影点：有人用可疑封印换取情报与道具，真伪与代价都写在细节里。,站台引导员/邮局分拣员/无线电播音员（节拍强、信息短句）
stage_wujiaochang_05,wujiaochang,杨浦,五角场地铁站,交换证物柜,对角巷北口/巫师广播,Diagon Alley (north) / Wizarding wireless,thread_knockturn_smuggling|thread_hogwarts_field|thread_floo_fracture,clue|hub|lanes|order|signal|trade,31.300495,121.514179,True,「五角场地铁站·交换证物柜」像是对角巷在沪的投影点：有人用可疑封印换取情报与道具，真伪与代价都写在细节里。,站台引导员/邮局分拣员/无线电播音员（节拍强、信息短句）
stage_wujiaochang_06,wujiaochang,杨浦,淞沪路口,伪装服饰店,对角巷北口/巫师广播,Diagon Alley (north) / Wizarding wireless,thread_knockturn_smuggling|thread_hogwarts_field|thread_floo_fracture,clue|hub|lanes|order|signal|trade,31.303631,121.515814,True,「淞沪路口·伪装服饰店」像是对角巷在沪的投影点：有人用可疑封印换取情报与道具，真伪与代价都写在细节里。,站台引导员/邮局分拣员/无线电播音员（节拍强、信息短句）
stage_wujiaochang_07,wujiaochang,杨浦,国定路口,魔法小剧场,对角巷北口/巫师广播,Diagon Alley (north) / Wizarding wireless,thread_knockturn_smuggling|thread_hogwarts_field|thread_floo_fracture,clue|hub|lanes|order|signal|trade,31.300477,121.516024,True,「国定路口·魔法小剧场」像是对角巷在沪的投影点：有人用可疑封印换取情报与道具，真伪与代价都写在细节里。,站台引导员/邮局分拣员/无线电播音员（节拍强、信息短句）
stage_wujiaochang_08,wujiaochang,杨浦,黄兴路口,风向占卜摊,对角巷北口/巫师广播,Diagon Alley (north) / Wizarding wireless,thread_knockturn_smuggling|thread_hogwarts_field|thread_floo_fracture,clue|hub|lanes|order|paper|signal|trade,31.303586,121.512271,True,「黄兴路口·风向占卜摊」像是对角巷在沪的投影点：有人用可疑封印换取情报与道具，真伪与代价都写在细节里。,站台引导员/邮局分拣员/无线电播音员（节拍强、信息短句）
stage_wujiaochang_09,wujiaochang,杨浦,创智天地,传闻公告墙,对角巷北口/巫师广播,Diagon Alley (north) / Wizarding wireless,thread_knockturn_smuggling|thread_hogwarts_field|thread_floo_fracture,audit|authority|clue|hub|lanes|ministry|order|paper|security|signal|trade,31.300432,121.512165,True,「创智天地·传闻公告墙」像是对角巷在沪的投影点：有人用可疑封印换取情报与道具，真伪与代价都写在细节里。,站台引导员/邮局分拣员/无线电播音员（节拍强、信息短句）
stage_wujiaochang_10,wujiaochang,杨浦,江湾镇口,社团集会点,对角巷北口/巫师广播,Diagon Alley (north) / Wizarding wireless,thread_knockturn_smuggling|thread_hogwarts_field|thread_floo_fracture,clue|hub|lanes|order|signal|trade,31.302081,121.517269,True,「江湾镇口·社团集会点」像是对角巷在沪的投影点：有人用可疑封印换取情报与道具，真伪与代价都写在细节里。,站台引导员/邮局分拣员/无线电播音员（节拍强、信息短句）
